OrchardDesc,PIN,Manager,OrchardGroup,Planting code,Variety code,Variety,Strain of,Produce,Root stock,Growing system,Row spacing,Tree spacing,Planted,Grafted,BioGro year,First season,Last season,Notes,Tags (planting),# trees,# rows,Hectares,Growing method,Mgmt. area,Prod. site,Clearance,Tags (season)
IND - Ngati Pahauwera Commercial Development Ltd,R2920,,Independent Sector,11RK1,996,Rockit,,Apples,,,2.8,1.6,2022,,,2023,,,,3635,0,1.628,Conventional,P11RK,F,,
IND - Ngati Pahauwera Commercial Development Ltd,R2920,,Independent Sector,13RK1,996,Rockit,,Apples,,,2.8,1.6,2021,,,2023,,,,6991,0,3.131,Conventional,P13RK,G,,
IND - Ngati Pahauwera Commercial Development Ltd,R2920,,Independent Sector,13RK2,996,Rockit,,Apples,,,2.8,1.6,2022,,,2023,,,,681,0,0.305,Conventional,P13RK,G,,
IND - Ngati Pahauwera Commercial Development Ltd,R2920,,Independent Sector,14RK1,996,Rockit,,Apples,,,2.8,1.6,2022,,,2023,,,,5000,0,2.24,Conventional,P13RK,G,,
IND - Ngati Pahauwera Commercial Development Ltd,R2920,,Independent Sector,15RK1,996,Rockit,,Apples,,,2.8,1.6,2022,,,2023,,,,2227,0,0.998,Conventional,P13RK,G,,
IND - Ngati Pahauwera Commercial Development Ltd,R2920,,Independent Sector,16RK1,996,Rockit,,Apples,,,2.8,1.6,2022,,,2023,,,,10228,0,4.58,Conventional,P16RK,H,,
IND - Ngati Pahauwera Commercial Development Ltd,R2920,,Independent Sector,17RK1,996,Rockit,,Apples,,,2.8,1.6,2022,,,2023,,,,8410,0,3.76,Conventional,P16RK,H,,
IND - Ngati Pahauwera Commercial Development Ltd,R2920,,Independent Sector,18RK1,996,Rockit,,Apples,,,2.8,1.6,2022,,,2023,,,,5909,0,2.647,Conventional,P18RK,I,,
IND - Ngati Pahauwera Commercial Development Ltd,R2920,,Independent Sector,19RK1,996,Rockit,,Apples,,,2.8,1.6,2022,,,2023,,,,8410,0,3.767,Conventional,P18RK,I,,
IND - Ngati Pahauwera Commercial Development Ltd,R2920,,Independent Sector,8RK1,996,Rockit,,Apples,,,2.8,1.6,2021,,,2023,,,,6800,0,3.046,Conventional,P8RK,E,,
IND - Ngati Pahauwera Commercial Development Ltd,R2920,,Independent Sector,9RK1,996,Rockit,,Apples,,,2.8,1.6,2021,,,2023,,,,8479,0,3.798,Conventional,P8RK,E,,
IND - Awahou Orchard,R1352,,Independent Sector,AWA AA,996,Rockit,,Apples,M116,,4.9,1.7,2021,,,2023,,,,444,0,0.37,Conventional,A,A,,
IND - Awahou Orchard,R1352,,Independent Sector,AWA AE,996,Rockit,,Apples,CG202,,3.8,1.6,2021,,,2023,,,,400,0,0.243,Conventional,E,A,,
IND - Awahou Orchard,R1352,,Independent Sector,AWA AFAO,996,Rockit,,Apples,CG202,,3.8,1.6,2021,,,2023,,,,1700,0,1.034,Conventional,F,A,,
IND - Awahou Orchard,R1352,,Independent Sector,AWA AFAO2,996,Rockit,,Apples,M793,,4.9,3.3,1994,,,2023,,,,65,0,0.129,Conventional,F,A,,Non-production
IND - Awahou Orchard,R1352,,Independent Sector,AWA AJ,996,Rockit,,Apples,M793,,3.9,1.6,2022,,,2023,,,,1748,0,1.097,Conventional,J,A,,
IND - Awahou Orchard,R1352,,Independent Sector,AWA AM,996,Rockit,,Apples,,,,,2024,,,2024,,,,0,0,0,Conventional,M,A,,
IND - Awahou Orchard,R1352,,Independent Sector,AWA AQ,996,Rockit,,Apples,CG202,,3.9,1.6,2022,,,2023,,,,972,0,0.606,Conventional,Q,A,,
IND - Awahou Orchard,R1352,,Independent Sector,AWA AZ,996,Rockit,,Apples,M26,,4,2,1994,,,2023,,,,875,0,0.7,Conventional,Z,A,,
IND - black bridge,R1351,,Independent Sector,BBO-A,996,Rockit,,Apples,MM106,,1.9,4.5,2004,,,2024,,,,2115,0,1.81,Conventional,A,A,,
IND - Springhill East,R2949,,Independent Sector,BLOCK 30,996,Rockit,,Apples,,,3.2,0.8,2021,,,2023,,,,14304,0,3.844,Conventional,30,M,,
IND - Springhill East,R2949,,Independent Sector,BLOCK 31,996,Rockit,,Apples,,,3.2,0.8,2021,,,2023,,,,14309,0,3.85,Conventional,31,N,,
IND - Springhill East,R2949,,Independent Sector,BLOCK 32,996,Rockit,,Apples,,,3.2,0.8,2021,,,2023,,,,14798,0,3.99,Conventional,32,O,,
IND - Springhill East,R2949,,Independent Sector,BLOCK 36,996,Rockit,,Apples,,,3.2,0.8,2021,,,2023,,,,14389,0,3.904,Conventional,36,S,,
IND - Springhill East,R2949,,Independent Sector,BLOCK 37,996,Rockit,,Apples,,,3.2,0.8,2021,,,2023,,,,14772,0,3.98,Conventional,37,T,,
IND - Braemark,R2933,,Independent Sector,BRAEMARK-A,996,Rockit,,Apples,,,2.8,1.7,2021,,,2023,,,,10738,0,4.93,Conventional,RKT1,A,,
IND - Braemark,R2933,,Independent Sector,BRAEMARK-B,996,Rockit,,Apples,,,2.8,1.7,2022,,,2023,,,,6875,0,3.2,Conventional,RKT2 ,B,,
IND - Colaghty Orchard,R2929,,Independent Sector,COL-HOUSE,996,Rockit,,Apples,M9,,,,2021,,,2023,,,,12169,0,4.75,Conventional,A,A,,
IND - Colaghty Orchard,R2929,,Independent Sector,COL-OFFICE,996,Rockit,,Apples,M9,,,,2021,,,2023,,,,10191,0,3.97,Conventional,B,B,,
IND - Cronien Bun Orchard,R2936,,Independent Sector,CRO-BLOOM,996,Rockit,,Apples,M9,,,,2020,,,2023,,,,6681,0,2.41,Conventional,A,A,,
Crown,R2924,Shane Crawford,Crownthorpe Sector,CROWN A1,996,Rockit,,Apples,M.9,Spindle,3,1.4,2019,,,2021,,A,,4235,71,1.865,Conventional,A1,A,,
Crown,R2924,Shane Crawford,Crownthorpe Sector,CROWN A2,996,Rockit,,Apples,M.9,Spindle,3,1.4,2019,,,2021,,B,,6500,85,2.851,Conventional,A2,A,,
Crown,R2924,Shane Crawford,Crownthorpe Sector,CROWN B1,996,Rockit,,Apples,M.9,Spindle,3,1.4,2019,,,2021,,C,,4223,62,1.83792,Conventional,B1,B,,
Crown,R2924,Shane Crawford,Crownthorpe Sector,CROWN B2,996,Rockit,,Apples,M.9,Spindle,3,1.4,2020,,,2022,,D,,3718,69,1.661,Conventional,B2,B,,
IND - Crystall Road,R1811,,Independent Sector,CRY-ROCK,996,Rockit,,Apples,CG202,,2.8,1.5,2021,,,2023,,,,11874,0,4.987,Conventional,ROCK,A,,
IND - Cypress,R2710,,Independent Sector,CYP-A1 1,996,Rockit,,Apples,CG202,,3.5,1.5,2016,,,2022,,grafted 2018,,734,1,0.39,Conventional,A1,A,,
IND - Cypress,R2710,,Independent Sector,CYP-A1 2,996,Rockit,,Apples,CG202,,1.5,3.5,2019,,,2021,,,,819,0,0.43,Conventional,A1,A,,Non-production
IND - Cypress,R2710,,Independent Sector,CYP-A1 3,996,Rockit,,Apples,CG202,,3.5,1.5,2021,,,2021,,,,2080,0,1.09,Conventional,A1,A,,Non-production
IND - Cypress,R2710,,Independent Sector,CYP-A2,996,Rockit,,Apples,M116,,3.5,2,2014,,,2021,,,,1235,0,0.86,Conventional,A2,A,,Non-production
IND - Cypress,R2710,,Independent Sector,CYP-A3,996,Rockit,,Apples,M9,,3.5,1.5,2014,,,2021,,,,1826,0,0.96,Conventional,A3,A,,Non-production
IND - Cypress,R2710,,Independent Sector,CYP-C1 1,996,Rockit,,Apples,CG202,,3.5,1.5,2015,,,2022,,grafted 2019,,4949,1,2.6,Conventional,C1,C,,
IND - Cypress,R2710,,Independent Sector,CYP-C1 2,996,Rockit,,Apples,CG202,,3.5,1.5,2016,,,2022,,grafted 2019,,1553,1,0.82,Conventional,C1,C,,Non-production
IND - Dartmoor,R2851,,Independent Sector,DAR-DR1,996,Rockit,,Apples,M.9,2D,2.8,1.5,2018,,,2022,,,,7273,1,3,Conventional,DR1,A,,
IND - Dartmoor,R2851,,Independent Sector,DAR-DR2,996,Rockit,,Apples,M.9,2D,2.8,1.5,2018,,,2022,,,,8466,1,3.46,Conventional,DR2,C,,
IND - Dartmoor,R2851,,Independent Sector,DAR-DR3,996,Rockit,,Apples,M.9,2D,2.8,1.5,2018,,,2022,,,,8040,1,3.32,Conventional,DR3,E,,
IND - Dartmoor,R2851,,Independent Sector,DAR-DR4,996,Rockit,,Apples,M.9,2D,2.8,1.5,2018,,,2022,,,,5955,1,2.46,Conventional,DR4,G,,
IND - Dartmoor,R2851,,Independent Sector,DAR-DR5,996,Rockit,,Apples,M.9,2D,2.8,1.5,2018,,,2022,,,,3501,1,1.44,Conventional,DR5,I,,
IND - Dartmoor,R2851,,Independent Sector,DAR-DR6,996,Rockit,,Apples,M.9,2D,2.8,1.5,2018,,,2022,,,,4574,1,1.88,Conventional,DR6,K,,
IND - Dartmoor,R2851,,Independent Sector,DAR-DR7,996,Rockit,,Apples,M.9,2D,2.8,1.5,2018,,,2022,,,,4163,1,1.71,Conventional,DR7,M,,
Dartmoor,R2150,,Independent Sector,DTM A,996,Rockit,,Apples,M.9,Spindle,3,1.4,2016,,,2021,,,Non-production,0,54,1.8627,Conventional,A,A,,Non-production
Dartmoor,R2150,,Independent Sector,DTM B,996,Rockit,,Apples,M.9,Spindle,3,1.4,2016,,,2021,,,Non-production,0,20,0.51366,Conventional,B,A,,Non-production
Dartmoor,R2150,,Independent Sector,DTM C,996,Rockit,,Apples,M.9,Spindle,3,1.4,2016,,,2021,,,Non-production,0,42,1.94628,Conventional,C,B,,Non-production
Dartmoor,R2150,,Independent Sector,DTM D,996,Rockit,,Apples,M.9,Spindle,3,1.4,2016,,,2021,,,Non-production,0,42,1.9404,Conventional,D,B,,Non-production
IND - Global Orchard,R2124,,Independent Sector,GLO-A,996,Rockit,,Apples,MM.106,,4,1.4,2013,,,2022,,graft,,5230,1,2.9,Conventional,A,A,,
IND - Global Orchard,R2124,,Independent Sector,GLO-B,996,Rockit,,Apples,MM.106,,4,2,2013,,,2022,,grafts,,2340,1,1.87,Conventional,B,B,,
IND - Global Orchard,R2124,,Independent Sector,GLO-C,996,Rockit,,Apples,MM.106,,4,2,2013,,,2022,,graft,,1800,1,1.44,Conventional,C,C,,Non-production
IND - Grasmere Orchard,R2895,,Independent Sector,GRA E,996,Rockit,,Apples,CG202,,3.6,2,2022,,,2023,,,,644,0,0.463,Conventional,C,A,,
IND - Grasmere Orchard,R2895,,Independent Sector,GRA GK,996,Rockit,,Apples,M793,,4.5,2.5,2006,,,2023,,,,521,0,0.57,Conventional,K,A,,
IND - Grasmere Orchard,R2895,,Independent Sector,GRA GMGN,996,Rockit,,Apples,M116,,4,2,2020,,,2023,,,,328,0,0.26,Conventional,M,A,,
IND - Grasmere Orchard,R2895,,Independent Sector,GRA GMGN2,996,Rockit,,Apples,M116,,4,2,2020,,,2023,,,,333,0,0.27,Conventional,M,A,,
IND - Grasmere Orchard,R2895,,Independent Sector,GRA GT,996,Rockit,,Apples,CG202,,4,1.5,2022,,,2023,,,,938,0,0.56,Conventional,T,A,,
IND - Grasmere Orchard,R2895,,Independent Sector,GRA-GCGE  ,996,Rockit,,Apples,CG202,,3.8,1.8,2022,,,2023,,,,521,0,0.356,Conventional,C,A,,
Haumoana,R2776,Milap Sondh,Hastings Sector,HAU A1,996,Rockit,,Apples,M.9,Spindle,3,1.4,2015,,,2021,,,,4416,47,1.886,Conventional,A1,A,,
Haumoana,R2776,Milap Sondh,Hastings Sector,HAU A2,996,Rockit,,Apples,M.9,Spindle,3,1.4,2015,,,2021,,,,5998,47,2.61,Conventional,A2,A,,
Haumoana,R2776,Milap Sondh,Hastings Sector,HAU B1,996,Rockit,,Apples,M.9,Spindle,3,1.4,2015,,,2021,,,,3909,49,1.691,Conventional,B1,B,,
Haumoana,R2776,Milap Sondh,Hastings Sector,HAU B2,996,Rockit,,Apples,M.9,Spindle,3,1.4,2015,,,2021,, ,,4865,45,2.137,Conventional,B2,B,,
Lowry Heretaunga,R2946,Shane Crawford,Crownthorpe Sector,HERE A1,996,Rockit,,Apples,M.9,Spindle,3,1.4,2020,,,2023,,,,3806,56,1.734,Conventional,A1,A,,
Lowry Heretaunga,R2946,Shane Crawford,Crownthorpe Sector,HERE B1,996,Rockit,,Apples,M.9,Spindle,3,1.4,2020,,,2023,,,,8465,63,3.799,Conventional,B1,B,,
Lowry Heretaunga,R2946,Shane Crawford,Crownthorpe Sector,HERE C1,996,Rockit,,Apples,M.9,Spindle,3,1.4,2020,,,2023,,,,7590,54,3.357,Conventional,C1,C,,
Home Block,R1230,Todd Blackman,Havelock Sector,HME A,996,Rockit,,Apples,CG202,FOPS,2.2,3,2020,,,2021,,,,4709,150,3.219,Conventional,A,A,,
Home Block,R1230,Todd Blackman,Havelock Sector,HME B,996,Rockit,,Apples,CG202,FOPS,2.2,3,2020,,,2021,,,,4648,133,3.157,Conventional,B,B,,
Home Block,R1230,Todd Blackman,Havelock Sector,HME C,996,Rockit,,Apples,M.9,Spindle,3.5,1.4,2012,,,2021,,,,6163,36,3.118,Conventional,C,C,,
Home Block,R1230,Todd Blackman,Havelock Sector,HME D1,996,Rockit,,Apples,M.9,FOPS,2.2,2.4,2020,,,2021,,D1,,1259,25,0.686,Conventional,D1,D,,
Home Block,R1230,Todd Blackman,Havelock Sector,HME D2,996,Rockit,,Apples,M.9,Spindle,3,1.4,2015,,,2021,,D2,,1425,16,0.592,Conventional,D2,D,,
Home Block,R1230,Todd Blackman,Havelock Sector,HME D3,996,Rockit,,Apples,CG202,FOPS,2.2,3,2020,,,2021,,D3,,3554,88,2.382,Conventional,D3,D,,
Home Block,R1230,Todd Blackman,Havelock Sector,HME E1-7,996,Rockit,,Apples,M.9/M.26,Spindle,3.5,1.5,2012,,,2021,,E1 - E7,,3953,58,2.631,Conventional,E1-7,E,,
Home Block,R1230,Todd Blackman,Havelock Sector,HME E8,996,Rockit,,Apples,M.793,Spindle,5,1.4,2012,,,2021,,E8,,448,7,0.32,Conventional,E8,E,,
Home Block,R1230,Todd Blackman,Havelock Sector,HME F1,996,Rockit,,Apples,M.9,Spindle,3.5,1.4,2015,,,2021,,F1,,977,7,0.47,Conventional,F1,F,,
Home Block,R1230,Todd Blackman,Havelock Sector,HME F2,996,Rockit,,Apples,M.9,FOPS,2.2,2.4,2020,,,2021,,F2,,3595,44,1.942,Conventional,F2,F,,
IND - Huawhenua - Home,R1751,,Independent Sector,HUA-A3,996,Rockit,,Apples,MM.106,,5,2.5,1998,,,2022,,grafted 2019,,570,1,0.7125,Conventional,A3,A,,
IND - Huawhenua - Home,R1751,,Independent Sector,HUA-B1,996,Rockit,,Apples,M.26,,4.1,1.8,2005,,,2022,,"Blk 11,15,17 grafted 2013",,1543,1,1.11,Conventional,B1,B,,
IND - Huawhenua - Home,R1751,,Independent Sector,HUA-B2,996,Rockit,,Apples,CG202,,3.5,1.5,2019,,,2022,,,,1395,1,1.03,Conventional,B2,B,,
IND - Huawhenua - Home,R1751,,Independent Sector,HUA-B2.2,996,Rockit,,Apples,MM102,,4.1,1.8,2018,,,2021,,,,0,0,0,Conventional,,,,Non-production
IND - Huawhenua - Home,R1751,,Independent Sector,HUA-B3,996,Rockit,,Apples,CG202,Spindle,3.4,1.5,2023,,,2024,,,,1430,0,0.73,Conventional,B3,B,,
IND - Kararua,R2934,,Independent Sector,KAR-ROCK1,996,Rockit,,Apples,M9,,,,2021,,,2023,,,,0,0,2.13,Conventional,ROCK1,F,,
IND - Kararua,R2934,,Independent Sector,KAR-ROCK10,996,Rockit,,Apples,M9,,,,2021,,,2023,,,,0,0,2.15,Conventional,RCK10,E,,
IND - Kararua,R2934,,Independent Sector,KAR-ROCK2,996,Rockit,,Apples,M9,,,,2021,,,2023,,,,0,0,1.95,Conventional,ROCK2,B,,
IND - Kararua,R2934,,Independent Sector,KAR-ROCK3,996,Rockit,,Apples,M9,,,,2021,,,2023,,,,0,0,1.95,Conventional,ROCK3,F,,
IND - Kararua,R2934,,Independent Sector,KAR-ROCK4,996,Rockit,,Apples,M9,,,,2021,,,2023,,,,0,0,1.98,Conventional,ROCK4,B,,
IND - Kararua,R2934,,Independent Sector,KAR-ROCK5,996,Rockit,,Apples,M9,,,,2021,,,2023,,,,0,0,1.98,Conventional,ROCK5,F,,
IND - Kararua,R2934,,Independent Sector,KAR-ROCK6,996,Rockit,,Apples,M9,,,,2021,,,2023,,,,0,0,0.61,Conventional,ROCK6,F,,
IND - Kararua,R2934,,Independent Sector,KAR-ROCK7,996,Rockit,,Apples,M9,,,,2021,,,2023,,,,0,0,1.5,Conventional,ROCK7,D,,
IND - Kararua,R2934,,Independent Sector,KAR-ROCK8,996,Rockit,,Apples,M9,,,,2021,,,2023,,,,0,0,2.15,Conventional,ROCK8,E,,
IND - Kararua,R2934,,Independent Sector,KAR-ROCK9,996,Rockit,,Apples,M9,,,,2021,,,2023,,,,0,0,1.51,Conventional,ROCK9,D,,
IND - Kahahakrui,R2969,,Independent Sector,KHK-38,996,Rockit,,Apples,M9,,1.6,3.2,2023,,,2024,,,,967,0,0.5,Conventional,38,A,,
IND - Kahahakrui,R2969,,Independent Sector,KHK-39,996,Rockit,,Apples,M9,,1.6,3.2,2023,,,2024,,,,5183,0,2.67,Conventional,39,A,,
IND - Kahahakrui,R2969,,Independent Sector,KHK-40,996,Rockit,,Apples,M9,,1.6,3.2,2023,,,2024,,,,6716,0,3.45,Conventional,40,B,,
IND - Kahahakrui,R2969,,Independent Sector,KHK-41,996,Rockit,,Apples,M9,,1.6,3.2,2023,,,2024,,,,4258,0,2.2,Conventional,41,C,,
IND - Kahahakrui,R2969,,Independent Sector,KHK-42,996,Rockit,,Apples,M9,,1.6,3.2,2023,,,2024,,,,4393,0,2.26,Conventional,42,D,,
IND - Kahahakrui,R2969,,Independent Sector,KHK-43,996,Rockit,,Apples,M9,,1.6,3.2,2023,,,2024,,,,5161,0,2.66,Conventional,43,E,,
IND - Kahahakrui,R2969,,Independent Sector,KHK-44,996,Rockit,,Apples,M9,,1.6,3.2,2023,,,2024,,,,6678,0,3.43,Conventional,44,F,,
IND - Kahahakrui,R2969,,Independent Sector,KHK-45,996,Rockit,,Apples,M9,,1.6,3.2,2023,,,2024,,,,6775,0,3.48,Conventional,45,G,,
IND - Kahahakrui,R2969,,Independent Sector,KHK-46,996,Rockit,,Apples,M9,,1.6,3.2,2023,,,2024,,,,6760,0,3.48,Conventional,46,H,,
IND - Kahahakrui,R2969,,Independent Sector,KHK-47,996,Rockit,,Apples,M9,,1.6,3.2,2023,,,2024,,,,5882,0,3.03,Conventional,47,I,,
IND - Kahahakrui,R2969,,Independent Sector,KHK-48,996,Rockit,,Apples,M9,,1.6,3.2,2023,,,2024,,,,6755,0,3.47,Conventional,48,J,,
IND - Kahahakrui,R2969,,Independent Sector,KHK-49,996,Rockit,,Apples,M9,,1.6,3.2,2023,,,2024,,,,6796,0,3.49,Conventional,49,K,,
IND - Kahahakrui,R2969,,Independent Sector,KHK-50,996,Rockit,,Apples,M9,,1.6,3.2,2023,,,2024,,,,5746,0,2.96,Conventional,50,L,,
IND - Korokipo orchard,R1173,,Independent Sector,KKO-A,996,Rockit,,Apples,Cg202,,2,3,2023,,,2024,,,,3115,0,1.87,Conventional,A,A,,
IND - Knight Road Horticulture,R2958,,Independent Sector,KNI-A,996,Rockit,,Apples,M9,2D,2.8,1.6,2022,,,2024,,,,2635,80,4.4,Conventional,A,D,,
IND - Korokipo,R2850,,Independent Sector,KOR-KCR1,996,Rockit,,Apples,M.9,2D,2.8,1.5,2018,,,2022,,,,5680,1,2.34,Conventional,KCR1,A,,
IND - Korokipo,R2850,,Independent Sector,KOR-KCR2,996,Rockit,,Apples,M.9,2D,2.8,1.5,2019,,,2022,,,,7754,1,3.25668,Conventional,KCR2,C,,
IND - Korokipo,R2850,,Independent Sector,KOR-KCR3,996,Rockit,,Apples,M.9,2D,2.8,1.5,2019,,,2022,,,,10938,1,4.59396,Conventional,KCR3,E,,
IND - Korokipo,R2850,,Independent Sector,KOR-KPR1,996,Rockit,,Apples,M.9,2D,2.8,1.5,2019,,,2022,,,,5763,1,2.42046,Conventional,KPR1,H,,
IND - Korokipo,R2850,,Independent Sector,KOR-KPR2,996,Rockit,,Apples,M.9,2D,2.8,1.5,2019,,,2022,,,,6348,1,2.66616,Conventional,KPR2,I,,
IND - Korokipo Verries,R2872,,Independent Sector,KOV-KVR1,996,Rockit,,Apples,M9,2D,2.8,1.5,2019,,,2022,,,,2726,0,1.14,Conventional,KVR1,B,,
IND - Korokipo Verries,R2872,,Independent Sector,KOV-KVR2,996,Rockit,,Apples,M9,2D,2.8,1.5,2019,,,2022,,,,3752,0,1.58,Conventional,KVR2,D,,
IND - Korokipo Verries,R2872,,Independent Sector,KOV-KVR3,996,Rockit,,Apples,M9,2D,2.8,1.5,2019,,,2022,,,,4296,0,1.8,Conventional,KVR3,H,,
IND - Korokipo Verries,R2872,,Independent Sector,KOV-KVR4,996,Rockit,,Apples,M9,2D,2.8,1.5,2019,,,2022,,,,2778,0,1.17,Conventional,KVR4,J,,
Lawn Road,R2917,Milap Sondh,Hastings Sector,LAWN A1,996,Rockit,,Apples,M.9,2D,3,1.4,2020,,,2021,,,,4311,40,1.903,Conventional,A1,A,,
Lawn Road,R2917,Milap Sondh,Hastings Sector,LAWN A2,996,Rockit,,Apples,M.9,2D,3,1.4,2020,,,2022,,,,4648,45,2.079,Conventional,A2,A,,
Lawn Road,R2917,Milap Sondh,Hastings Sector,LAWN B1,996,Rockit,,Apples,M.9,2D,3,1.4,2020,,,2022,,,,4300,40,1.914,Conventional,B1,B,,
Lawn Road,R2917,Milap Sondh,Hastings Sector,LAWN B2,996,Rockit,,Apples,M.9,2D,3,1.4,2020,,,2022,,,,5064,45,2.228,Conventional,B2,B,,
Lawn Road,R2917,Milap Sondh,Hastings Sector,LAWN C1,996,Rockit,,Apples,M.9,2D,3,1.4,2020,,,2022,,,,3768,39,1.685,Conventional,C1,C,,
Lawn Road,R2917,Milap Sondh,Hastings Sector,LAWN C2,996,Rockit,,Apples,M.9,2D,3,1.4,2020,,,2022,,,,4902,45,2.2,Conventional,C2,C,,
IND - Longlands,R2329,,Independent Sector,LGL A1,996,Rockit,,Apples,M.9,2D,2.5,1.6,2021,,,2022,,,Non-production,7517,64,3.0068,Conventional,A1,A,,
IND - Longlands,R2329,,Independent Sector,LGL A2,996,Rockit,,Apples,M.9,2D,2.5,1.6,2022,,,2022,,,Non-production,2442,37,0.9768,Conventional,A2,A,,
IND - Longlands,R2329,,Independent Sector,LGL B1,996,Rockit,,Apples,M.9,2D,2.5,1.6,2021,,,2022,,,Non-production,3862,54,1.5448,Conventional,B1,B,,
IND - Longlands,R2329,,Independent Sector,LGL B2,996,Rockit,,Apples,M.9,2D,2.5,1.6,2022,,,2022,,,Non-production,3909,53,1.5636,Conventional,B2,B,,
IND - Longlands,R2329,,Independent Sector,LGL B3,996,Rockit,,Apples,M.9,2D,2.5,1.6,2022,,,2022,,,Non-production,675,10,0.27,Conventional,B3,B,,
IND - Longlands,R2329,,Independent Sector,LGL B4,996,Rockit,,Apples,M.9,2D,2.5,1.6,2022,,,2022,,,Non-production,1559,23,0.6236,Conventional,B4,B,,
IND - Longlands,R2329,,Independent Sector,LGL C1,996,Rockit,,Apples,M.9,2D,2.5,1.6,2022,,,2022,,,Non-production,7158,64,2.8632,Conventional,C1,C,,
IND - Longlands,R2329,,Independent Sector,LGL C2,996,Rockit,,Apples,M.9,2D,2.5,1.6,2022,,,2022,,,Non-production,5787,64,2.3148,Conventional,C2,C,,
IND - Longlands,R2329,,Independent Sector,LGL D1,996,Rockit,,Apples,M.9,2D,2.5,1.6,2021,,,2022,,,Non-production,9659,64,3.8636,Conventional,D1,D,,
IND - Longlands,R2329,,Independent Sector,LGL D2,996,Rockit,,Apples,M.9,2D,2.5,1.6,2021,,,2022,,,Non-production,7948,98,3.1792,Conventional,D2,D,,
Lobb,R2899,Todd Blackman,Havelock Sector,LOBB A,996,Rockit,,Apples,CG202,Spindle,3.5,1.4,2019,,,2021,,,,5464,71,2.808,Conventional,A,A,,
Lobb,R2899,Todd Blackman,Havelock Sector,LOBB B,996,Rockit,,Apples,CG202,Spindle,3.5,1.4,2019,,,2021,,,,5311,70,2.731,Conventional,B,B,,
IND- Longacre Orchard (RLA),R2219,,Independent Sector,LONGACR A1,996,Rockit,,Apples,CG202,Spindle,3.5,1.4,2019,,,2022,,,,2377,20,1.208,Conventional,A1,A,,
IND- Longacre Orchard (RLA),R2219,,Independent Sector,LONGACR A2,996,Rockit,,Apples,CG202,Spindle,3.5,1.4,2019,,,2021,,,,2173,26,1.124,Conventional,A2,A,,
IND- Longacre Orchard (RLA),R2219,,Independent Sector,LONGACR B1,996,Rockit,,Apples,M.9,2D,3,1.4,2020,,,2022,,,,4246,32,1.807,Conventional,B1,B,,
IND- Longacre Orchard (RLA),R2219,,Independent Sector,LONGACR B2,996,Rockit,,Apples,M.9,2D,3,1.6,2023,,,2022,,,Non-production,3628,32,1.726,Conventional,B2,B,,
IND- Longacre Orchard (RLA),R2219,,Independent Sector,LONGACR C1,996,Rockit,,Apples,M.9,2D,3,1.6,2023,,,2021,,,,4841,32,2.335,Conventional,C1,C,,
IND- Longacre Orchard (RLA),R2219,,Independent Sector,LONGACR C2,996,Rockit,,Apples,M.9,2D,3,1.4,2020,,,2022,,,,2722,33,1.176,Conventional,C2,C,,
Lowry,R2918,Shane Crawford,Crownthorpe Sector,LOWRY  A1,996,Rockit,,Apples,CG202,Spindle,2.8,1.4,2021,,,2022,,,,9202,70,3.749,Conventional,A1,A,,
Lowry,R2918,Shane Crawford,Crownthorpe Sector,LOWRY  B2,996,Rockit,,Apples,CG41,Spindle,3,1.4,2021,,,2022,,,,804,15,0.436,Conventional,B2,B,,
Lowry,R2918,Shane Crawford,Crownthorpe Sector,LOWRY A2,996,Rockit,,Apples,CG202,Spindle,2.8,1.4,2021,,,2022,,,,9091,70,3.761,Conventional,A2,A,,
Lowry,R2918,Shane Crawford,Crownthorpe Sector,LOWRY B1,996,Rockit,,Apples,CG202,Twin Leader,2.8,1.4,2021,,,2022,,,,6604,63,2.727,Conventional,B1,B,,
Lowry,R2918,Shane Crawford,Crownthorpe Sector,LOWRY B3,996,Rockit,,Apples,M.9,Spindle,3,1.4,2021,,,2021,,,,893,27,0.43,Conventional,B3,B,,
Lowry,R2918,Shane Crawford,Crownthorpe Sector,LOWRY C1,996,Rockit,,Apples,CG202,FOPS,3,2.2,2021,,,2023,,,,4444,74,3.074,Conventional,C1,C,,
Lowry,R2918,Shane Crawford,Crownthorpe Sector,LOWRY C2,996,Rockit,,Apples,CG202,FOPS,3,2.2,2021,,,2023,,,,4228,74,2.907,Conventional,C2,C,,
Lowry,R2918,Shane Crawford,Crownthorpe Sector,LOWRY D1,996,Rockit,,Apples,CG202,2D,2.5,1.4,2022,,,2022,,,,4795,36,1.693,Conventional,D1,D,,
Lowry,R2918,Shane Crawford,Crownthorpe Sector,LOWRY D2,996,Rockit,,Apples,M9,2D,2.5,1.4,2022,,,2022,,,,4847,36,1.772,Conventional,D2,D,,
Lowry,R2918,Shane Crawford,Crownthorpe Sector,LOWRY D3,996,Rockit,,Apples,CG202,FOPS,2.2,2.8,2020,,,2022,,,,2728,41,1.733,Conventional,D3,D,,
Lowry,R2918,Shane Crawford,Crownthorpe Sector,LOWRY D4,996,Rockit,,Apples,M.9,FOPS,2.2,2.4,2021,,,2022,,,,2800,55,1.733,Conventional,D4,D,,
Lowry,R2918,Shane Crawford,Crownthorpe Sector,LOWRY E1,996,Rockit,,Apples,M.9,Spindle,2.8,1,2021,,,2023,,Intense spindle,,9831,70,2.668,Conventional,E1,E,,Hedging trial
Lowry,R2918,Shane Crawford,Crownthorpe Sector,LOWRY F1,996,Rockit,,Apples,M.9,FOPS,2.2,2.4,2022,,,2022,,,,3034,72,1.619,Conventional,F1,F,,
Lowry,R2918,Shane Crawford,Crownthorpe Sector,LOWRY F2,996,Rockit,,Apples,M.9,Spindle,2.8,1,2022,,,2023,,,,6644,80,1.965,Conventional,F2,F,,
Lowry,R2918,Shane Crawford,Crownthorpe Sector,LOWRY G1,996,Rockit,,Apples,M.9,FOPS,2.2,2.4,2022,,,2023,,,,3916,74,2.902,Conventional,G1,G,,
Lowry,R2918,Shane Crawford,Crownthorpe Sector,LOWRY G2,996,Rockit,,Apples,M.9,FOPS,2.2,2.4,2022,,,2023,,,,3372,58,1.82,Conventional,G2,G,,
Lowry,R2918,Shane Crawford,Crownthorpe Sector,LOWRY G3,996,Rockit,,Apples,M.9,FOPS,2.2,2.4,2022,,,2023,,,,3156,73,1.701,Conventional,G3,G,,
Lowry,R2918,Shane Crawford,Crownthorpe Sector,LOWRY H1,996,Rockit,,Apples,M.9,FOPS,2.2,2.4,2022,,,2023,,,,4751,66,2.575,Conventional,H1,H,,
Mana 1,R2926,Andrew Culver,Maraekakaho Sector,MANA1 - A1,996,Rockit,,Apples,M.9,2D,3,1.4,2020,,,2021,,,,7440,63,3.26,Conventional,A1,A,,
Mana 1,R2926,Andrew Culver,Maraekakaho Sector,MANA1 - A2,996,Rockit,,Apples,M.9,2D,3,1.4,2020,,,2021,,,,6231,64,2.757,Conventional,A2,A,,
Mana 1,R2926,Andrew Culver,Maraekakaho Sector,MANA1 - B1,996,Rockit,,Apples,M.9,2D,3,1.4,2020,,,2021,,,,6923,65,3.068,Conventional,B1,B,,
Mana 1,R2926,Andrew Culver,Maraekakaho Sector,MANA1 - B2,996,Rockit,,Apples,M.9,2D,3,1.4,2020,,,2021,,,,6933,64,3.07,Conventional,B2,B,,
Mana 2,R2927,Andrew Culver,Maraekakaho Sector,MANA2 - A1,996,Rockit,,Apples,M.9,2D,3,1.4,2020,,,2021,,,,6385,50,2.769,Conventional,A1,A,,
Mana 2,R2927,Andrew Culver,Maraekakaho Sector,MANA2 - A2,996,Rockit,,Apples,M.9,2D,3,1.4,2020,,,2021,,,,5889,49,2.569,Conventional,A2,A,,
Mana 2,R2927,Andrew Culver,Maraekakaho Sector,MANA2 - B1,996,Rockit,,Apples,M.9,2D,3,1.4,2020,,,2021,,,,6271,50,2.756,Conventional,B1,B,,
Mana 2,R2927,Andrew Culver,Maraekakaho Sector,MANA2 - B2,996,Rockit,,Apples,M.9,2D,3,1.4,2020,,,2021,,,,6263,50,2.783,Conventional,B2,B,,
Manahi,R2880,Todd Blackman,Havelock Sector,MANAHI A1,996,Rockit,,Apples,M.9,Spindle,3,1.4,2018,,,2021,,,,4889,50,2.134,Conventional,A1,A,,
Manahi,R2880,Todd Blackman,Havelock Sector,MANAHI A2,996,Rockit,,Apples,M.9,Spindle,3,1.4,2018,,,2021,,,,5091,50,2.228,Conventional,A2,A,,
Manahi,R2880,Todd Blackman,Havelock Sector,MANAHI B1,996,Rockit,,Apples,M.9,Spindle,3,1.4,2018,,,2021,,,,5439,50,2.36,Conventional,B1,B,,
Manahi,R2880,Todd Blackman,Havelock Sector,MANAHI B2,996,Rockit,,Apples,M.9,Spindle,3,1.4,2018,,,2021,,,,2498,50,1.092,Conventional,B2,B,,
Manahi,R2880,Todd Blackman,Havelock Sector,MANAHI C,996,Rockit,,Apples,M.9,Spindle,3,1.4,2018,,,2021,,,,6352,68,2.774,Conventional,C,C,,
Manahi,R2880,Todd Blackman,Havelock Sector,MANAHI D,996,Rockit,,Apples,M.9,Spindle,3,1.4,2018,,,2021,,,,6727,66,2.93,Conventional,D,D,,
Manahi,R2880,Todd Blackman,Havelock Sector,MANAHI E,996,Rockit,,Apples,M.9,Spindle,3,1.4,2018,,,2021,,,,4825,65,2.136,Conventional,E,E,,
Manahi,R2880,Todd Blackman,Havelock Sector,MANAHI F1,996,Rockit,,Apples,M.9,Spindle,3,1.4,2018,,,2021,,,,5423,57,2.413,Conventional,F1,F,,
Manahi,R2880,Todd Blackman,Havelock Sector,MANAHI F2,996,Rockit,,Apples,M.9,Spindle,3,1.4,2018,,,2021,,,,4945,64,2.187,Conventional,F2,F,,
IND - Manzana,R2879,,Independent Sector,MANZ A1,996,Rockit,,Apples,M.9,Spindle,3,1.4,2017,,,2021,,A1,,6075,64,2.5515,Conventional,A1,A,,
IND - Manzana,R2879,,Independent Sector,MANZ A2,996,Rockit,,Apples,M.9,Spindle,3,1.4,2018,,,2021,,A2,,4841,60,2.03322,Conventional,A2,A,,
IND - Manzana,R2879,,Independent Sector,MANZ A3,996,Rockit,,Apples,M.9,Spindle,3,1.4,2018,,,2021,,A2,,3082,28,1.29444,Conventional,A3,A,,
IND - Manzana,R2879,,Independent Sector,MANZ B1,996,Rockit,,Apples,M.9,Spindle,3,1.4,2017,,,2021,,B1,,3906,44,1.64052,Conventional,B1,B,,
IND - Manzana,R2879,,Independent Sector,MANZ B2,996,Rockit,,Apples,M.9/M.26,Spindle,3,1.4,2018,,,2021,,B2,,5404,60,2.26968,Conventional,B2,B,,
IND - Manzana,R2879,,Independent Sector,MANZ B3,996,Rockit,,Apples,M.9,Spindle,3,1.4,2018,,,2021,,B3,,3041,48,1.27722,Conventional,B3,B,,
IND - Manzana,R2879,,Independent Sector,MANZ C1,996,Rockit,,Apples,M.9,Spindle,3,1.4,2017,,,2021,,C1,,4807,44,2.01894,Conventional,C1,C,,
IND - Manzana,R2879,,Independent Sector,MANZ C2,996,Rockit,,Apples,M.9/M.26,Spindle,3,1.4,2018,,,2021,,C2,,7245,60,3.0429,Conventional,C2,C,,
IND - Manzana,R2879,,Independent Sector,MANZ C3,996,Rockit,,Apples,M.9,Spindle,3,1.4,2018,,,2021,,C3,,7147,73,3.00174,Conventional,C3,C,,
IND - Manzana,R2879,,Independent Sector,MANZ D1,996,Rockit,,Apples,M.9,Spindle,3,1.4,2017,,,2021,,D1,,4840,43,2.0328,Conventional,D1,D,,
IND - Manzana,R2879,,Independent Sector,MANZ D2,996,Rockit,,Apples,M.9,Spindle,3,1.4,2018,,,2021,,D2,,7095,61,2.9799,Conventional,D2,D,,
IND - Manzana 2,R2925,,Independent Sector,MANZ2 A,996,Rockit,,Apples,M.9,Spindle,3,1.4,2019,,,2022,,A,,8413,104,3.57504,Conventional,A,A,,
IND - Manzana 2,R2925,,Independent Sector,MANZ2 B,996,Rockit,,Apples,M.9,Spindle,3,1.4,2019,,,2021,,B,,9173,76,3.95598,Conventional,B,B,,
IND - Manzana 2,R2925,,Independent Sector,MANZ2 C,996,Rockit,,Apples,M.9,Spindle,3,1.4,2019,,,2021,,C,,4120,43,1.86858,Conventional,C,C,,
IND - Masters block ,R1172,,Independent Sector,MASTERS-A,996,Rockit,,Apples,MM106,,1.1,3.5,2023,,,2024,,,,2506,0,1.35,Conventional,,,,
Mangapoike,R2952,,Independent Sector,MHL A,996,Rockit,,Apples,M.9,2D,2.5,1.6,2022,,,2023,,,,5671,51,2.462,Conventional,A,A,,
Mangapoike,R2952,,Independent Sector,MHL B,996,Rockit,,Apples,M.9,2D,2.5,1.6,2022,,,2023,,,,5739,51,2.53,Conventional,B,B,,
IND - Moa Apples,R1626,,Independent Sector,MOA-NP4,996,Rockit,,Apples,M.9,,3.5,1.5,2015,,,2022,,,,1128,0,0.592,Conventional,4,A,,
IND - Moa Apples,R1626,,Independent Sector,MOA-NPA,996,Rockit,,Apples,M.9,,3.5,1.5,2015,,,2022,,,,1340,0,0.7371,Conventional,A,C,,
IND - Moa Apples,R1626,,Independent Sector,MOA-NPC,996,Rockit,,Apples,M.9,,3.5,1.5,2021,,,2022,,,,399,0,0.21,Conventional,C,C,,
IND - Moa Apples,R1626,,Independent Sector,MOA-OV1,996,Rockit,,Apples,,,5,3,2014,,,2022,,,,1082,0,1.62,Conventional,1,A,,
IND - Moa Apples,R1626,,Independent Sector,MOA-OV3,996,Rockit,,Apples,,,5,3,2021,,,2022,,,,1649,0,0.87,Conventional,3,A,,
IND - Moa Apples,R1626,,Independent Sector,MOA-OVB,996,Rockit,,Apples,,,5,3,2014,,,2022,,,,811,0,1.22,Conventional,B,C,,
IND - Moa Apples,R1626,,Independent Sector,MOA-OVD,996,Rockit,,Apples,,,5,3,2015,,,2022,,,,922,0,0.48,Conventional,D,B,,
IND - Moa Apples,R1626,,Independent Sector,MOA-OVF,996,Rockit,,Apples,,,5,3,2014,,,2022,,,,204,0,0.26,Conventional,F,B,,
IND - Moa Apples,R1626,,Independent Sector,MOA-YV2,996,Rockit,,Apples,M.793,,3.5,3,2014,,,2022,,,,701,0,0.74,Conventional,2,A,,
IND - Moa Apples,R1626,,Independent Sector,MOA-YVE,996,Rockit,,Apples,M.793,,3.5,3,2014,,,2022,,,,375,0,0.39,Conventional,E,B,,
IND - Moteo Pa,R2636,,Independent Sector,MOT A1,996,Rockit,,Apples,MM.106,Spindle,3.5,1.6,2012,,,2021,,A1,,4512,30,2.9,Conventional,A1,A,,
IND - Moteo Pa,R2636,,Independent Sector,MOT A2,996,Rockit,,Apples,MM.106,Spindle,3.5,1.6,2012,,,2021,,A2,,1481,10,0.9,Conventional,A2,A,,
IND - Moteo Pa,R2636,,Independent Sector,MOT B1,996,Rockit,,Apples,M.9,Spindle,3,1.4,2013,,,2021,,B1,,1902,12,1.218,Conventional,B1,B,,
IND - Moteo Pa,R2636,,Independent Sector,MOT B2,996,Rockit,,Apples,M.9,Spindle,3,1.4,2013,,,2021,,B2,,2290,13,1.07,Conventional,B2,B,,
IND - Norton,R1856,,Independent Sector,NOR-NTRK,996,Rockit,,Apples,M.9,,1.4,3.3,2017,,,2022,,B grade trees,,5288,1,2.443056,Conventional,NTRK,B,,
Napier Road Central,R1639,Milap Sondh,Hastings Sector,NRC A1,996,Rockit,,Apples,MM.106,Twin Leader,4.5,2.5,2015,,,2021,,,,424,8,0.468,Conventional,A1,A,,
Napier Road Central,R1639,Milap Sondh,Hastings Sector,NRC A2,996,Rockit,,Apples,Marc,Spindle,3.5,1.5,2015,,,2021,,,,577,6,0.329,Conventional,A2,A,,
Napier Road Central,R1639,Milap Sondh,Hastings Sector,NRC A3,996,Rockit,,Apples,MM.106,Twin Leader,4.5,2.4,2015,,,2021,,,,299,5,0.339,Conventional,A3,A,,
Napier Road Central,R1639,Milap Sondh,Hastings Sector,NRC A4,996,Rockit,,Apples,MM.106,Twin Leader,4.5,2.4,2015,,,2022,,,,357,6,0.404,Conventional,A4,A,,
Napier Road Central,R1639,Milap Sondh,Hastings Sector,NRC B1,996,Rockit,,Apples,M.9/M.116,Spindle,4.5,1.2,2015,,,2021,,,,458,4,0.27,Conventional,B1,B,,
Napier Road Central,R1639,Milap Sondh,Hastings Sector,NRC B2,996,Rockit,,Apples,MM.106,Twin Leader,4.5,2.4,2015,,,2022,,,,257,6,0.274,Conventional,B2,B,,
Napier Road Central,R1639,Milap Sondh,Hastings Sector,NRC B3,996,Rockit,,Apples,M.9/M.116,Spindle,4.5,1.2,2015,,,2022,,,,283,4,0.164,Conventional,B3,B,,
Napier Road Central,R1639,Milap Sondh,Hastings Sector,NRC B4,996,Rockit,,Apples,MM.106,Twin Leader,4.5,2.4,2015,,,2022,,,,239,5,0.254,Conventional,B4,B,,
Napier Road Central,R1639,Milap Sondh,Hastings Sector,NRC B5,996,Rockit,,Apples,M.9/M.116,Twin Leader,4.5,1.2,2015,,,2021,,,,578,5,0.321,Conventional,B5,B,,
Napier Road Central,R1639,Milap Sondh,Hastings Sector,NRC B6,996,Rockit,,Apples,MM.106,Spindle,4.5,2.4,2015,,,2022,,,,262,8,0.292,Conventional,B6,B,,
Napier Road North,R2775,Milap Sondh,Hastings Sector,NRN A1,996,Rockit,,Apples,M.9,Spindle,3,1.4,2015,,,2021,,,,294,8,0.14,Conventional,A1,A,,
Napier Road North,R2775,Milap Sondh,Hastings Sector,NRN A2,996,Rockit,,Apples,M.9,Spindle,3,1.4,2015,,,2022,,,,412,11,0.183,Conventional,A2,A,,
Napier Road North,R2775,Milap Sondh,Hastings Sector,NRN A3,996,Rockit,,Apples,M.9,Spindle,3,1.4,2015,,,2021,,,,2348,32,1.021,Conventional,A3,A,,
Napier Road North,R2775,Milap Sondh,Hastings Sector,NRN B1,996,Rockit,,Apples,M.9,Spindle,3,1.4,2015,,,2021,,,,4498,71,1.957,Conventional,B1,B,,
Napier Road South,R2712,Milap Sondh,Hastings Sector,NRS A1,996,Rockit,,Apples,M.9,Spindle,3,1.4,2013,,,2021,,Hedging trial is being undertaken in this block 2022-24,,285,9,0.138,Conventional,A1,A,,
Napier Road South,R2712,Milap Sondh,Hastings Sector,NRS A2,996,Rockit,,Apples,M.9,Spindle,3,1.4,2013,,,2021,,Hedging trial is being undertaken in this block 2022-24,,215,7,0.104,Conventional,A2,A,,
Napier Road South,R2712,Milap Sondh,Hastings Sector,NRS A3,996,Rockit,,Apples,M.9,Spindle,3,1.4,2013,,,2021,,,,2979,44,1.517,Conventional,A3,A,,
Napier Road South,R2712,Milap Sondh,Hastings Sector,NRS B1,996,Rockit,,Apples,M.9,Spindle,3,1.4,2013,,,2021,,,,3893,39,1.834,Conventional,B1,B,,
IND - Oceanview Orchard,R1899,,Independent Sector,OCE-DRAIN,996,Rockit,,Apples,MM.106,,5,2.5,2016,,,2022,,graft,,1470,1,1.8375,Conventional,C,C,,
IND - Oceanview Orchard,R1899,,Independent Sector,OCE-LEFT,996,Rockit,,Apples,MM.106,,4.5,2.5,2016,,,2022,,graft,,1495,1,1.681875,Conventional,D,D,,
IND - Oceanview Orchard,R1899,,Independent Sector,OCE-MIDDLE,996,Rockit,,Apples,MM.106,,5,2.5,2017,,,2022,,graft,,2200,1,2.812,Conventional,B,B,,
IND - Oceanview Orchard,R1899,,Independent Sector,OCE-SHED,996,Rockit,,Apples,MM.106,,5,2.5,2016,,,2022,,graft,,1007,1,1.25875,Conventional,A,A,,
IND - Okohua Orchard,R1611,,Independent Sector,OKO-C1,996,Rockit,,Apples,MM.106,,3.8,2.5,1991,,,2022,,grafted 2017 ,,1251,0,1.29,Conventional,C1,C,,
IND - Okohua Orchard,R1611,,Independent Sector,OKO-C2,996,Rockit,,Apples,M793,,4.3,3,1991,,,2021,,,,0,0,0,Conventional,,,,Non-production
Omahu,R2724,Shane Crawford,Crownthorpe Sector,OMAHU A1,996,Rockit,,Apples,M.9,Spindle,3,1.4,2014,,,2021,,Fruition sample bays: Row# Bay# 26      2(S) 26      2(N) 50      3(N) 50      1(S) ,,4354,58,1.85,Conventional,A1,A,,
Omahu,R2724,Shane Crawford,Crownthorpe Sector,OMAHU A2,996,Rockit,,Apples,M.9,Spindle,3,1.4,2014,,,2021,,C,,3689,55,1.58,Conventional,A2,A,,
Omahu,R2724,Shane Crawford,Crownthorpe Sector,OMAHU A3,996,Rockit,,Apples,M.9,Spindle,3,1.4,2013,,,2021,,E,,1868,31,0.84,Conventional,A3,A,,
Omahu,R2724,Shane Crawford,Crownthorpe Sector,OMAHU B1,996,Rockit,,Apples,CG202,FOPS,2.2,2.8,2021,,,2022,,,,453,28,0.3,Conventional,B1,B,,
Omahu,R2724,Shane Crawford,Crownthorpe Sector,OMAHU B2,996,Rockit,,Apples,CG202,FOPS,2.2,2.8,2021,,,2022,,,,701,18,0.46,Conventional,B2,B,,
Omahu,R2724,Shane Crawford,Crownthorpe Sector,OMAHU B3,996,Rockit,,Apples,M.9,Spindle,3,1.4,2014,,,2021,,F,,6417,58,2.76,Conventional,B3,B,,
Ormond Road,R2945,Milap Sondh,Hastings Sector,ORM A1,996,Rockit,,Apples,M.9,FOPS,2.2,2.4,2021,,,2022,,,,4928,65,2.579,Conventional,A1,A,,
Ormond Road,R2945,Milap Sondh,Hastings Sector,ORM A2,996,Rockit,,Apples,M.9,FOPS,2.2,2.4,2021,,,2022,,,,6129,66,3.269,Conventional,A2,A,,
Ormond Road,R2945,Milap Sondh,Hastings Sector,ORM B1,996,Rockit,,Apples,M.9,FOPS,2.2,2.4,2021,,,2022,,,,5818,62,3.062,Conventional,B1,B,,
Ormond Road,R2945,Milap Sondh,Hastings Sector,ORM B2,996,Rockit,,Apples,M.9,FOPS,2.2,2.4,2021,,,2022,,,,5259,62,2.841,Conventional,B2,B,,
IND - Paki Paki,R2786,,Independent Sector,PAK-RK1,996,Rockit,,Apples,M.9,,3.3,1.4,2017,,,2022,,,,3822,0,1.77,Conventional,PPRK1,A,,
IND - Paki Paki,R2786,,Independent Sector,PAK-RK2,996,Rockit,,Apples,M.9,,3.5,1.4,2016,,,2022,,,,3306,0,1.61994,Conventional,PPRK2,B,,
IND - Parkhill Orchard,R2841,,Independent Sector,PAR-RK,996,Rockit,,Apples,M.9,,3.3,1.4,2017,,,2022,,D Garde Trees,,11586,1,5.352732,Conventional,PHRK,A,,
Pioneer,R1580,Andrew Culver,Maraekakaho Sector,PIONEER A1,996,Rockit,,Apples,M.9,2D,3,1.4,2020,,,2023,,,,5099,55,2.227,Conventional,A1,A,,
Pioneer,R1580,Andrew Culver,Maraekakaho Sector,PIONEER A2,996,Rockit,,Apples,M.9,2D,3,1.4,2020,,,2023,,,,5511,56,2.407,Conventional,A2,A,,
Pioneer,R1580,Andrew Culver,Maraekakaho Sector,PIONEER B1,996,Rockit,,Apples,M.9,2D,3,1.4,2020,,,2023,,,,8309,70,3.603,Conventional,B1,B,,
Pioneer,R1580,Andrew Culver,Maraekakaho Sector,PIONEER B2,996,Rockit,,Apples,M.9,2D,3,1.4,2020,,,2023,,,,5115,61,2.247,Conventional,B2,B,,
Pioneer,R1580,Andrew Culver,Maraekakaho Sector,PIONEER B3,996,Rockit,,Apples,M.9,2D,3,1.4,2020,,,2023,,,,4254,60,1.861,Conventional,B3,B,,
Pioneer,R1580,Andrew Culver,Maraekakaho Sector,PIONEER C1,996,Rockit,,Apples,M.9,2D,3,1.4,2020,,,2023,,,,4848,61,2.108,Conventional,C1,C,,
Pioneer,R1580,Andrew Culver,Maraekakaho Sector,PIONEER C2,996,Rockit,,Apples,M.9,2D,3,1.4,2020,,,2023,,,,3874,60,1.688,Conventional,C2,C,,
Rangi 2,R2901,Shane Crawford,Crownthorpe Sector,RANGI2 A,996,Rockit,,Apples,M.793,Spindle,4,2,2019,,,2021,,A,,1480,19,1.159,Conventional,A,A,,
Rangi 2,R2901,Shane Crawford,Crownthorpe Sector,RANGI2 B,996,Rockit,,Apples,M.793,Spindle,4,2,2019,,,2021,,B,,1626,19,1.4,Conventional,B,B,,
Rangi 2,R2901,Shane Crawford,Crownthorpe Sector,RANGI2 C,996,Rockit,,Apples,M.793,Spindle,4,2,2019,,,2021,,C,,1634,19,1.306,Conventional,C,C,,
IND - Raupare,R1875,,Independent Sector,RAUP  AR1,996,Rockit,,Apples,CG202,,1.6,3,2023,,,2024,,,,7083,0,3.4,Conventional,AR1,A,,
IND - Raupare,R1875,,Independent Sector,RAUP CR1,996,Rockit,,Apples,CG202,,1.6,3,2023,,,2024,,,,3545,0,1.7,Conventional,CR1,C,,
IND - Raupare,R1875,,Independent Sector,RAUP ER1,996,Rockit,,Apples,CG202,,1.6,3,2023,,,2024,,,,1040,0,0.5,Conventional,ER1,E,,
IND - Raupare,R1875,,Independent Sector,RAUP ER2,996,Rockit,,Apples,CG202,,1.6,3,2023,,,2024,,,,2291,0,1.1,Conventional,ER2,E,,
IND - Riverbank Orchard,R1632,,Independent Sector,RBK VB,996,Rockit,,Apples,MM106,,4.5,3,2001,,,2024,,,,285,0,0.38,Conventional,B,A,,
IND - Riverbank Orchard,R1632,,Independent Sector,RBK VHVJ,996,Rockit,,Apples,MM106,2D,4.5,2.5,2001,2022,,2024,,,,474,0,0.53,Conventional,H,A,,
IND - Riverbank Orchard,R1632,,Independent Sector,RBK VN,996,Rockit,,Apples,M9,,3.5,1.5,2015,,,2021,,,,1893,0,1.1,Conventional,N,A,,
IND - Riverbank Orchard,R1632,,Independent Sector,RBK VO,996,Rockit,,Apples,MM102,,4.1,1.8,2017,,,2021,,,,1149,0,0.847,Conventional,O,A,,
IND - Riverside,R1752,,Independent Sector,RIV-B1,996,Rockit,,Apples,MM.106,,4.5,2.5,1991,,,2022,,grafted,,530,1,0.59625,Conventional,B1,B,,
IND - Riverside,R1752,,Independent Sector,RIV-B1/1,996,Rockit,,Apples,M793,,,,2011,,,2021,,,,0,0,0,Conventional,,,,Non-production
IND - Riverside,R1752,,Independent Sector,RIV-B2,996,Rockit,,Apples,M.26,,3.9,1.5,2013,,,2022,,Blk 1,,1050,1,0.61,Conventional,B2,B,,
IND - Riverside,R1752,,Independent Sector,RIV-B2/2,996,Rockit,,Apples,M116,,4,2,2016,,,2021,,,,0,0,0,Conventional,,,,Non-production
IND - Riverside,R1752,,Independent Sector,RIV-C1,996,Rockit,,Apples,M26,,4,1.5,2005,,,2021,,Blk 6 grafted 2014,,642,1,0.96,Conventional,C1,C,,
IND - Riverside,R1752,,Independent Sector,RIV-C1/1,996,Rockit,,Apples,MM106,,5,3,1991,,,2021,,,,0,0,0,Conventional,,,,Non-production
IND - Riverside,R1752,,Independent Sector,RIV-C1/2,996,Rockit,,Apples,M26,,4,1.5,2005,,,2021,,,,0,0,0,Conventional,,,,Non-production
IND - Riverside,R1752,,Independent Sector,RIV-D2,996,Rockit,,Apples,MM106,,4.5,2.5,1991,,,2022,,Blk 9 grafted 2016,,548,1,0.6165,Conventional,D2,D,,
IND - Riverside,R1752,,Independent Sector,RIV-D2/1,996,Rockit,,Apples,M793,,4,2,2007,,,2021,,,,0,0,0,Conventional,,,,Non-production
IND - Riverside,R1752,,Independent Sector,RIV-D2/2,996,Rockit,,Apples,MM106,,4.5,2.5,1991,,,2021,,,,0,0,0,Conventional,,,,Non-production
IND - Rosegate Orchard,R1533,,Independent Sector,ROSEG AI,996,Rockit,,Apples,CG202,,3.7,1.8,2022,,,2023,,,,966,0,0.643,Conventional,I,A,,
Raukawa,R1232,Todd Blackman,Havelock Sector,RRD A1,996,Rockit,,Apples,CG202,FOPS,2.2,3,2022,,,2021,,,,1001,47,0.673,Conventional,A1,A,,
Raukawa,R1232,Todd Blackman,Havelock Sector,RRD A2,996,Rockit,,Apples,CG202,FOPS,2.2,3,2022,,,2021,,,,1920,66,1.309,Conventional,A2,A,,
Raukawa,R1232,Todd Blackman,Havelock Sector,RRD A3,996,Rockit,,Apples,CG202,FOPS,2.2,3,2022,,,2021,,,,2235,77,1.495,Conventional,A3,A,,
Raukawa,R1232,Todd Blackman,Havelock Sector,RRD A4,996,Rockit,,Apples,CG202,FOPS,2.2,3,2022,,,2021,,,,1951,61,1.293,Conventional,A4,A,,
Raukawa,R1232,Todd Blackman,Havelock Sector,RRD B1,996,Rockit,,Apples,MM.106,Spindle,4,2.5,2012,,,2021,,,,2079,13,1.796,Conventional,B1,B,,
Raukawa,R1232,Todd Blackman,Havelock Sector,RRD B2,996,Rockit,,Apples,MM.106,Spindle,4,2.5,2012,,,2021,,,,1367,9,1.206,Conventional,B2,B,,
Raukawa,R1232,Todd Blackman,Havelock Sector,RRD B3,996,Rockit,,Apples,MM.106,Spindle,4,2.5,2012,,,2021,,,,1515,10,1.295,Conventional,B3,B,,
Raukawa,R1232,Todd Blackman,Havelock Sector,RRD B4,996,Rockit,,Apples,MM.106,Spindle,4,2.5,2012,,,2021,,,,1437,10,1.237,Conventional,B4,B,,
Raukawa,R1232,Todd Blackman,Havelock Sector,RRD C1,996,Rockit,,Apples,MM.106,Spindle,4,2.5,2012,,,2021,,T:\Admin\Havelock\Block Stats Update\RRD - DONE including budget total.xlsx,,1797,13,1.673,Conventional,C1,C,,
Raukawa,R1232,Todd Blackman,Havelock Sector,RRD C2,996,Rockit,,Apples,MM.106,Spindle,4,2.5,2012,,,2021,,,,952,9,0.877,Conventional,C2,C,,
Raukawa,R1232,Todd Blackman,Havelock Sector,RRD C3,996,Rockit,,Apples,MM.106,Spindle,4,2.5,2012,,,2021,,x,,767,10,0.695,Conventional,C3,C,,
Raukawa,R1232,Todd Blackman,Havelock Sector,RRD C4,996,Rockit,,Apples,MM.106,Spindle,4,2.5,2012,,,2021,,,,517,10,0.412,Conventional,C4,C,,
IND - Riverside Apples,R1021,,Independent Sector,RVA-TD1,996,Rockit,,Apples,M.9,,3.4,1.5,2013,,,2022,,,,2534,1,1.29,Conventional,L,B,,
IND - Riverside Apples,R1021,,Independent Sector,RVA-TD2,996,Rockit,,Apples,M.9/Cepiland,,3.5,1.5,2020,,,2022,,,,1562,1,0.82005,Conventional,N,B,,
IND - Riverside Apples,R1021,,Independent Sector,RVA-TD7,996,Rockit,,Apples,cg202,,3.5,1.5,2022,,,2024,,,,1523,0,0.79,Conventional,R,B,,
IND - Riverside Apples,R1021,,Independent Sector,RVA-TO1,996,Rockit,,Apples,M.9/Cepiland,,3.5,1.5,2020,,,2022,,,,912,1,0.4788,Conventional,S,C,,
IND - Riverside Apples,R1021,,Independent Sector,RVA-TO2,996,Rockit,,Apples,CG202,,5,2.8,2014,,,2022,,,,135,1,0.189,Conventional,T,C,,Non-production
IND - Riverside Apples,R1021,,Independent Sector,RVA-TO3,996,Rockit,,Apples,,,3.5,1.5,2014,,,2022,,,,1801,1,0.945525,Conventional,U,C,,
IND - Riverside Apples,R1021,,Independent Sector,RVA-TO5,996,Rockit,,Apples,M9,,3.3,1.3,2016,,,2023,,,,3207,0,1.375803,Conventional,W,C,,
IND - Riverside Apples,R1021,,Independent Sector,RVA-TO8,996,Rockit,,Apples,M.9/Cepiland,,3.5,1.5,2020,,,2023,,,,665,0,0.349125,Conventional,Z,C,,
IND - Riverside Apples,R1021,,Independent Sector,RVA-TP3,996,Rockit,,Apples,M.9/Cepiland,,3.6,1.5,2020,,,2022,,,,1612,1,0.87048,Conventional,J,A,,
IND - Riverside Apples,R1021,,Independent Sector,RVA-TR1,996,Rockit,,Apples,M.9,,3.5,1.5,2012,,,2022,,,,4153,1,2.180325,Conventional,A,A,,
IND - Riverside Apples,R1021,,Independent Sector,RVA-TR2,996,Rockit,,Apples,CG202,,3.5,1.5,2022,,,2023,,,,846,0,0,Conventional,B,A,,
IND - Riverside Apples,R1021,,Independent Sector,RVA-TR6,996,Rockit,,Apples,M.9,,3.3,1.3,2012,,,2022,,,,847,1,0.363363,Conventional,F,A,,
IND - Riverpoint Rd ,R2695,,Independent Sector,RVP-RK,996,Rockit,,Apples,M9,,1.6,2.8,2022,,,2024,,,,1700,0,0.7,Conventional,RK,C,,
Watson Road,R2447,,Independent Sector,RWR A1,996,Rockit,,Apples,M.9,Spindle,3,1.4,2016,,,2021,,,,2718,53,1.198,Conventional,A1,A,,
Watson Road,R2447,,Independent Sector,RWR B1,996,Rockit,,Apples,M.9,Spindle,3.5,1.2,2016,,,2021,,T:\Block Information\Napier\WATSON\Watson Rd Stats Master.xlsx,,3810,63,1.723,Conventional,B1,B,,
Sim 1,R2900,Shane Crawford,Crownthorpe Sector,SIM1 A1,996,Rockit,,Apples,M.9,Spindle,3,1.4,2018,,,2021,,,,3466,31,1.519,Conventional,A1,A,,
Sim 1,R2900,Shane Crawford,Crownthorpe Sector,SIM1 A2,996,Rockit,,Apples,M.9,Spindle,3,1.4,2018,,,2021,,B,,3660,32,1.62,Conventional,A2,A,,
Sim 1,R2900,Shane Crawford,Crownthorpe Sector,SIM1 B1,996,Rockit,,Apples,M.9,Spindle,3,1.4,2018,,,2021,,C,,2571,32,1.138,Conventional,B1,B,,
Sim 1,R2900,Shane Crawford,Crownthorpe Sector,SIM1 B2,996,Rockit,,Apples,M.9,Spindle,3,1.4,2018,,,2021,,D,,4377,30,1.918,Conventional,B2,B,,
Sim 1,R2900,Shane Crawford,Crownthorpe Sector,SIM1 B3,996,Rockit,,Apples,M.9,Spindle,3,1.4,2018,,,2021,,E,,5578,43,2.448,Conventional,B3,B,,
Sim 1,R2900,Shane Crawford,Crownthorpe Sector,SIM1 C1,996,Rockit,,Apples,M.9,Spindle,3,1.4,2019,,,2021,,F,,3126,25,1.367,Conventional,C1,C,,
Sim 1,R2900,Shane Crawford,Crownthorpe Sector,SIM1 C2,996,Rockit,,Apples,M.9,Spindle,3,1.4,2019,,,2021,,G,,3569,31,1.592,Conventional,C2,C,,
Sim 1,R2900,Shane Crawford,Crownthorpe Sector,SIM1 D1,996,Rockit,,Apples,M.9,Spindle,3,1.4,2019,,,2021,,H,,3010,30,1.559,Conventional,D1,D,,
Sim 1,R2900,Shane Crawford,Crownthorpe Sector,SIM1 D2,996,Rockit,,Apples,M.9,Spindle,3,1.4,2019,,,2021,,I,,3409,38,1.957,Conventional,D2,D,,
Sim 2,R2886,Shane Crawford,Crownthorpe Sector,SIM2 A1,996,Rockit,,Apples,M.9,Spindle,3,1.4,2018,,,2021,,A,,3376,45,1.46832,Conventional,A1,A,,
Sim 2,R2886,Shane Crawford,Crownthorpe Sector,SIM2 A2,996,Rockit,,Apples,M.9,Spindle,3,1.4,2019,,,2022,,,,2227,30,0.95382,Conventional,A2,A,,
Sim 2,R2886,Shane Crawford,Crownthorpe Sector,SIM2 B1,996,Rockit,,Apples,M.9,Spindle,3,1.4,2018,,,2021,,B,,2795,34,1.21884,Conventional,B1,B,,
Sim 2,R2886,Shane Crawford,Crownthorpe Sector,SIM2 B2,996,Rockit,,Apples,M.9,Spindle,3,1.4,2019,,,2022,,,,3021,30,1.29822,Conventional,B2,B,,
IND - Sissons,R1862,,Independent Sector,SIS-SSRK,996,Rockit,,Apples,M.9,,3.3,1.4,2017,,,2022,,B Grade,,1745,1,0.80619,Conventional,SSRK,A,,
IND - Sunpark,R2968,,Independent Sector,SNP-1,996,Rockit,,Apples,M9,,1.4,2.8,2023,,,2024,,,,12840,0,5.03,Conventional,1,A,,
IND - Sunpark,R2968,,Independent Sector,SNP-12,996,Rockit,,Apples,M9,,1.4,2.8,2023,,,2024,,,,2702,0,1.06,Conventional,12,J,,
IND - Sunpark,R2968,,Independent Sector,SNP-13,996,Rockit,,Apples,M9,,1.4,2.8,2023,,,2024,,,,7572,0,2.97,Conventional,13,J,,
IND - Sunpark,R2968,,Independent Sector,SNP-2 ,996,Rockit,,Apples,M9,,1.4,2.8,2023,,,2024,,,,7266,0,2.85,Conventional,2,B,,
IND - Sunpark,R2968,,Independent Sector,SNP-4,996,Rockit,,Apples,M9,,1.4,2.8,2023,,,2024,,,,1750,0,0.69,Conventional,4,D,,
IND - Sunpark,R2968,,Independent Sector,SNP-5,996,Rockit,,Apples,M9,,1.4,2.8,2023,,,2024,,,,6929,0,2.72,Conventional,5,D,,
IND - Sunpark,R2968,,Independent Sector,SNP-8,996,Rockit,,Apples,M9,,1.4,2.8,2023,,,2024,,,,8006,0,3.14,Conventional,8,F,,
IND - Sunpark,R2968,,Independent Sector,SNP-9,996,Rockit,,Apples,M9,,1.4,2.8,2023,,,2024,,,,8511,0,3.34,Conventional,9,G,,
IND - Springhill west,R2897,,Independent Sector,SPRING 16,996,Rockit,,Apples,M9,,0.8,3.2,2020,,,2024,,,,5743,0,1.45,Conventional,16,P,,
Stock Road South,R2534,Todd Blackman,Havelock Sector,SRS A1,996,Rockit,,Apples,M.9,Spindle,3.5,1.4,2012,,,2021,,FRONT,,1667,14,0.83888,Conventional,A1,A,,
Stock Road South,R2534,Todd Blackman,Havelock Sector,SRS A2,996,Rockit,,Apples,M.9,Spindle,3.5,1.4,2012,,,2021,,BACK,,1175,14,0.59976,Conventional,A2,A,,
Stock Road South,R2534,Todd Blackman,Havelock Sector,SRS A3,996,Rockit,,Apples,M.9,Spindle,3.5,1.4,2011,,,2021,,FRONT,,1590,14,0.84035,Conventional,A3,A,,
Stock Road South,R2534,Todd Blackman,Havelock Sector,SRS A4,996,Rockit,,Apples,M.9,Spindle,3.5,1.4,2011,,,2021,,BACK,,1630,17,0.82026,Conventional,A4,A,,
Stock Road South,R2534,Todd Blackman,Havelock Sector,SRS A5,996,Rockit,,Apples,MM.106,Spindle,3.5,1.4,2007,,,2021,,MOTHER ROW,,200,2,0.11172,Conventional,A5,A,,
Stock Road South,R2534,Todd Blackman,Havelock Sector,SRS B1,996,Rockit,,Apples,M.9,Spindle,3.5,1.4,2012,,,2021,,C,,2943,27,1.64346,Conventional,B1,B,,
Stock Road South,R2534,Todd Blackman,Havelock Sector,SRS B2,996,Rockit,,Apples,M.9,Spindle,3.5,1.4,2007,,,2021,,A,,3028,27,1.52292,Conventional,B2,B,,
Stock Road South,R2534,Todd Blackman,Havelock Sector,SRS C1,996,Rockit,,Apples,M.9,Spindle,3.4,1.4,2013,,,2021,,,,2466,21,1.184764,Conventional,C1,C,,
Stock Road South,R2534,Todd Blackman,Havelock Sector,SRS C2,996,Rockit,,Apples,M.9,Spindle,3.4,1.4,2013,,,2021,,,,2403,21,1.176672,Conventional,C2,C,,
Stock Road South,R2534,Todd Blackman,Havelock Sector,SRS D1,996,Rockit,,Apples,M.9,Spindle,3.5,1.5,2012,,,2021,,,,1972,19,1.057875,Conventional,D1,D,,
Stock Road South,R2534,Todd Blackman,Havelock Sector,SRS D2,996,Rockit,,Apples,M.9,Spindle,3.5,1.5,2012,,,2021,,F2,,2108,19,1.134,Conventional,D2,D,,
IND - SSL,R2779,,Independent Sector,SSL - A,996,Rockit,,Apples,,,2.8,1.5,2021,,,2023,,,,3600,0,1.512,Conventional,RK,A,,
Steel,R1149,Shane Crawford,Crownthorpe Sector,STEEL A,996,Rockit,,Apples,M.9,Spindle,3,1.4,2019,,,2021,,A,,4628,36,2.036,Conventional,A,A,,
Steel,R1149,Shane Crawford,Crownthorpe Sector,STEEL B,996,Rockit,,Apples,M.9,Spindle,3,1.4,2019,,,2021,,B,,3630,52,1.609,Conventional,B,B,,
Steel,R1149,Shane Crawford,Crownthorpe Sector,STEEL C,996,Rockit,,Apples,M.9,Spindle,3,1.4,2019,,,2021,,C,,7543,70,3.319,Conventional,C,C,,
Steel,R1149,Shane Crawford,Crownthorpe Sector,STEEL D,996,Rockit,,Apples,M.9,Spindle,3,1.4,2019,,,2021,,D,,4026,59,1.754,Conventional,D,D,,
IND - Stranadariff Orchard,R2937,,Independent Sector,STR-CAITH,996,Rockit,,Apples,M9,,,,2020,,,2023,,,,3176,0,1.19,Conventional,A,A,,
IND - Sunvalley Orchard,R2732,,Independent Sector,SUN-EAST,996,Rockit,,Apples,M.9,,3.5,1.5,2014,,,2022,,,,5000,1,3.17,Conventional,R,A,,
IND - Sunvalley Orchard,R2732,,Independent Sector,SUN-NORTH,996,Rockit,,Apples,M.116,,4,2,2016,,,2022,,,,3300,1,3.86,Conventional,R,A,,
IND - Sunvalley Orchard,R2732,,Independent Sector,SUN-WEST,996,Rockit,,Apples,M.9,,3.5,1.5,2015,,,2022,,,,3640,1,2.31,Conventional,R,A,,
IND - Sun Valley,R2947,,Independent Sector,SVL-A,996,Rockit,,Apples,M9,,,,2021,,,2023,,,,10050,0,4.22,Conventional,A,A,,
IND - Swamp Rd,R1369,,Independent Sector,SWP-BACK,996,Rockit,,Apples,M.9,,3.5,1.4,2016,,,2022,,,,2479,1,1.21471,Conventional,F,A,,
IND - Swamp Rd,R1369,,Independent Sector,SWP-NEWCRK,996,Rockit,,Apples,M.9,,3.5,1.4,2020,,,2022,,,,1286,1,0.63014,Conventional,E,A,,
IND - Swamp Rd,R1369,,Independent Sector,SWP-NEWWIN,996,Rockit,,Apples,M.9,,3.5,1.4,2020,,,2022,,,,1735,1,0.85015,Conventional,C,A,,
IND - Swamp Rd,R1369,,Independent Sector,SWP-RDMAIN,996,Rockit,,Apples,M.9,,3.5,1.4,2016,,,2022,,,,4549,1,2.22901,Conventional,A,A,,
IND - Swamp Rd,R1369,,Independent Sector,SWP-RDSTH,996,Rockit,,Apples,M.9,,3.5,1.4,2016,,,2022,,,,2586,1,1.26714,Conventional,B,A,,
IND - Swamp Rd,R1369,,Independent Sector,SWP-WEAK,996,Rockit,,Apples,M.9,,3.5,1.4,2016,,,2022,,,,2210,1,1.0829,Conventional,D,A,,
Te Arai,R2944,,Independent Sector,TA 1,996,Rockit,,Apples,M.9,2D,2.5,1.6,2021,,,2022,,,,5890,42,2.5128,Conventional,TA1,A,,
Te Arai,R2944,,Independent Sector,TA 2,996,Rockit,,Apples,M.9,2D,2.5,1.6,2021,,,2022,,,,5156,42,2.1744,Conventional,TA2,A,,
Te Arai,R2944,,Independent Sector,TA 3,996,Rockit,,Apples,M.9,2D,2.5,1.6,2021,,,2022,,,,5201,67,4.1124,Conventional,TA3,B,,
Te Arai,R2944,,Independent Sector,TA 4,996,Rockit,,Apples,M.9,2D,2.5,1.6,2021,,,2022,,,,5916,67,3.0016,Conventional,TA4,C,,
Te Arai,R2944,,Independent Sector,TA 5,996,Rockit,,Apples,M.9,2D,2.5,1.6,2021,,,2022,,,,3707,67,1.6012,Conventional,TA5,C,,
Te Arai,R2944,,Independent Sector,TA 6,996,Rockit,,Apples,M.9,2D,2.5,1.6,2021,,,2022,,,,7540,63,3.7252,Conventional,TA6,D,,
Te Arai,R2944,,Independent Sector,TA 7,996,Rockit,,Apples,M.9,2D,2.5,1.6,2021,,,2022,,,,2103,74,1.0832,Conventional,TA7,D,,
Te Arai,R2944,,Independent Sector,TA 8,996,Rockit,,Apples,M.9,2D,2.5,1.6,2021,,,2022,,,,988,42,1.3956,Conventional,TA8,E,,
Te Arai,R2944,,Independent Sector,TA 9,996,Rockit,,Apples,M.9,2D,2.5,1.6,2022,,,2022,,,,3063,42,2.006,Conventional,TA9,E,,
IND-Te Wairua,R2915,,Independent Sector,TEWAIRUA-A,996,Rockit,,Apples,M9,,1.5,3,2020,,,2024,,,,7222,0,3.25,Conventional,A,A,,
IND-Te Wairua,R2915,,Independent Sector,TEWAIRUA-B,996,Rockit,,Apples,M9,,1.5,3,2020,,,2024,,,,7222,0,3.25,Conventional,B,A,,
IND - Tukituki Orchards,R1262,,Independent Sector,TKTKI A,996,Rockit,,Apples,M9,,2.7,1.6,2022,,,2023,,,,6250,0,2.7,Conventional,A,A,,
IND - Tukituki Orchards,R1262,,Independent Sector,TKTKI C,996,Rockit,,Apples,,,2.7,1.6,2022,,,2023,,,,6967,0,3.009,Conventional,C,C,,
IND - Tukituki Orchards,R1262,,Independent Sector,TKTKI D,996,Rockit,,Apples,,,2.7,1.6,2022,,,2023,,,,6951,0,3.002,Conventional,D,D,,
IND - Tukituki Orchards,R1262,,Independent Sector,TKTKI F,996,Rockit,,Apples,,,2.7,1.6,2022,,,2023,,,,6280,0,2.71,Conventional,F,F,,
IND - Tukituki Orchards,R1262,,Independent Sector,TKTKI G,996,Rockit,,Apples,,,2.7,1.6,2022,,,2023,,,,2821,0,1.218,Conventional,G,G,,
Te Aute Road North,R1233,Todd Blackman,Havelock Sector,TRN A1,996,Rockit,,Apples,M.9/M.26,Spindle,3.7,1.5,2012,,,2021,,FRONT,,1914,25,1.109,Conventional,A1,A,,
Te Aute Road North,R1233,Todd Blackman,Havelock Sector,TRN A2,996,Rockit,,Apples,M.9/M.26,Spindle,3.7,1.5,2012,,,2021,,BACK,,1894,25,1.079,Conventional,A2,A,,
Te Aute Road North,R1233,Todd Blackman,Havelock Sector,TRN B1,996,Rockit,,Apples,M.9/M.26,Spindle,3.7,1.5,2012,,,2021,,FRONT,,2195,23,1.393,Conventional,B1,B,,
Te Aute Road North,R1233,Todd Blackman,Havelock Sector,TRN B2,996,Rockit,,Apples,M.9/M.26,Spindle,3.7,1.5,2012,,,2021,,BACK,,2105,22,1.359,Conventional,B2,B,,
Te Aute Road South,R2668,Todd Blackman,Havelock Sector,TRS A,996,Rockit,,Apples,M.9,Spindle,3.5,1.4,2012,,,2021,,A,,4683,28,2.48,Conventional,A,A,,
IND - Tubbies Orchard,R2943,,Independent Sector,TUB-A,996,Rockit,,Apples,M9,,,,2022,,,2023,,,,2618,0,1.32,Conventional,A,A,,
IND - Tubbies Orchard,R2943,,Independent Sector,TUB-B,996,Rockit,,Apples,M9,,,,2022,,,2023,,,,2618,0,1.32,Conventional,B,A,,
IND - Tubbies Orchard,R2943,,Independent Sector,TUB-C,996,Rockit,,Apples,M9,,,,2022,,,2023,,,,2618,0,1.32,Conventional,C,A,,
IND - Tubbies Orchard,R2943,,Independent Sector,TUB-D,996,Rockit,,Apples,M9,,,,2022,,,2023,,,,2618,0,1.32,Conventional,D,A,,
IND - Tuki Orchard,R1222,,Independent Sector,TUK TATJTO,996,Rockit,,Apples,M9,,4,1.8,2000,,,2021,,,,130,0,0.1,Conventional,A,A,,
IND - Tuki Orchard,R1222,,Independent Sector,TUK TQTR,996,Rockit,,Apples,M26,,4,2,2003,,,2021,,,,380,0,0.304,Conventional,Q,B,,
IND - Tuki Orchard,R1222,,Independent Sector,TUK TS,996,Rockit,,Apples,MM106,,4.2,2.5,1999,,,2021,,,,550,0,0.578,Conventional,S,A,,
IND - TURLEY FARM,R2962,,Independent Sector,TURLEY A ,996,Rockit,,Apples,M9,,1.5,2.8,2023,,,2024,,,,10005,0,4.2,Conventional,A1,A,,
IND - TURLEY FARM,R2962,,Independent Sector,TURLEY B,996,Rockit,,Apples,M9,,1.5,2.8,2023,,,2024,,,,13457,0,5.65,Conventional,B1,A,,
IND - TURLEY FARM,R2962,,Independent Sector,TURLEY C ,996,Rockit,,Apples,CG202,,1.5,2.8,2023,,,2024,,,,12593,0,5.29,Conventional,C1,A,,
IND - TURLEY FARM,R2962,,Independent Sector,TURLEY D ,996,Rockit,,Apples,CG202,,1.5,2.8,2023,,,2024,,,,11300,0,4.75,Conventional,D1,A,,
Valley,R2919,Andrew Culver,Maraekakaho Sector,VALLEY A1,996,Rockit,,Apples,M.9,2D,3,1.4,2020,,,2023,,,,5758,47,2.487,Conventional,A1,A,,
Valley,R2919,Andrew Culver,Maraekakaho Sector,VALLEY A2,996,Rockit,,Apples,M.9,2D,3,1.4,2020,,,2023,,,,6489,42,2.841,Conventional,A2,A,,
Valley,R2919,Andrew Culver,Maraekakaho Sector,VALLEY B1,996,Rockit,,Apples,M.9,2D,3,1.4,2020,,,2023,,,,8197,64,3.653,Conventional,B1,B,,
Valley,R2919,Andrew Culver,Maraekakaho Sector,VALLEY B2,996,Rockit,,Apples,M.9,2D,3,1.4,2020,,,2023,,,,9167,68,3.886,Conventional,B2,B,,
Valley,R2919,Andrew Culver,Maraekakaho Sector,VALLEY B3,996,Rockit,,Apples,M.9,2D,3,1.4,2020,,,2023,,,,3083,68,1.381,Conventional,B3,B,,
Valley,R2919,Andrew Culver,Maraekakaho Sector,VALLEY C1,996,Rockit,,Apples,M.9,2D,3,1.4,2020,,,2023,,,,8048,60,3.518,Conventional,C1,C,,
Valley,R2919,Andrew Culver,Maraekakaho Sector,VALLEY C2,996,Rockit,,Apples,M.9,2D,3,1.4,2020,,,2023,,,,8114,60,3.556,Conventional,C2,C,,
Valley,R2919,Andrew Culver,Maraekakaho Sector,VALLEY C3,996,Rockit,,Apples,M.9,2D,3,1.4,2020,,,2023,,,,5038,59,2.211,Conventional,C3,C,,
Valley,R2919,Andrew Culver,Maraekakaho Sector,VALLEY D1,996,Rockit,,Apples,M.9,2D,3,1.4,2020,,,2023,,,,8825,60,3.875,Conventional,D1,D,,
Valley,R2919,Andrew Culver,Maraekakaho Sector,VALLEY D2,996,Rockit,,Apples,M.9,2D,3,1.4,2020,,,2023,,,,8099,60,3.55,Conventional,D2,D,,
Valley,R2919,Andrew Culver,Maraekakaho Sector,VALLEY D3,996,Rockit,,Apples,M.9,2D,3,1.4,2020,,,2023,,,,6864,57,3.167,Conventional,D3,D,,
Valley,R2919,Andrew Culver,Maraekakaho Sector,VALLEY E1,996,Rockit,,Apples,M.9,2D,3,1.4,2020,,,2023,,,,7207,59,3.207,Conventional,E1,E,,
Valley,R2919,Andrew Culver,Maraekakaho Sector,VALLEY E2,996,Rockit,,Apples,M.9,2D,3,1.4,2020,,,2023,,,,8141,59,3.517,Conventional,E2,E,,
Valley,R2919,Andrew Culver,Maraekakaho Sector,VALLEY E3,996,Rockit,,Apples,M.9,2D,3,1.4,2020,,,2023,,,,7728,60,3.392,Conventional,E3,E,,
Valley,R2919,Andrew Culver,Maraekakaho Sector,VALLEY E4,996,Rockit,,Apples,M.9,2D,3,1.4,2020,,,2023,,,,1835,60,0.828,Conventional,E4,E,,
Valley,R2919,Andrew Culver,Maraekakaho Sector,VALLEY F1,996,Rockit,,Apples,M.9,2D,3,1.4,2020,,,2023,,,,5281,60,2.329,Conventional,F1,F,,
Valley,R2919,Andrew Culver,Maraekakaho Sector,VALLEY F2,996,Rockit,,Apples,M.9,2D,3,1.4,2020,,,2023,,,,7910,60,3.443,Conventional,F2,F,,
Valley,R2919,Andrew Culver,Maraekakaho Sector,VALLEY F3,996,Rockit,,Apples,M.9,2D,3,1.4,2020,,,2023,,,,4312,60,1.886,Conventional,F3,F,,
Valley,R2919,Andrew Culver,Maraekakaho Sector,VALLEY G1,996,Rockit,,Apples,M.9,2D,3,1.4,2020,,,2023,,,,4968,60,2.196,Conventional,G1,G,,
Valley,R2919,Andrew Culver,Maraekakaho Sector,VALLEY G2,996,Rockit,,Apples,M.9,2D,3,1.4,2020,,,2023,,,,8057,60,3.472,Conventional,G2,G,,
Valley,R2919,Andrew Culver,Maraekakaho Sector,VALLEY G3,996,Rockit,,Apples,M.9,2D,3,1.4,2020,,,2023,,,,5648,60,2.561,Conventional,G3,G,,
Valley,R2919,Andrew Culver,Maraekakaho Sector,VALLEY H1,996,Rockit,,Apples,CG202,Spindle,3,1.4,2020,,,2023,,Hedged ,,1414,22,0.623,Conventional,H1,H,,
Valley,R2919,Andrew Culver,Maraekakaho Sector,VALLEY H2,996,Rockit,,Apples,M.9 ,2D,3,1.4,2020,,,2023,,,,4583,49,2.02,Conventional,H2,H,,
Valley,R2919,Andrew Culver,Maraekakaho Sector,VALLEY H3,996,Rockit,,Apples,M.9,2D,3,1.4,2020,,,2023,,,,7060,61,3.134,Conventional,H3,H,,
Valley,R2919,Andrew Culver,Maraekakaho Sector,VALLEY H4,996,Rockit,,Apples,M.9,2D,3,1.4,2020,,,2023,,,,2753,49,1.228,Conventional,H4,H,,
IND - Waipatu,R2873,,Independent Sector,WAI-WPR1,996,Rockit,,Apples,M9,2D,2.8,1.5,2019,,,2022,,,,4725,0,1.98,Conventional,WPR1,A,,
IND - Waipatu,R2873,,Independent Sector,WAI-WPR2,996,Rockit,,Apples,M9,2D,2.8,1.5,2019,,,2022,,,,11077,0,4.65,Conventional,WPR2,B,,
IND - Waipatu,R2873,,Independent Sector,WAI-WPR3,996,Rockit,,Apples,M9,2D,2.8,1.5,2019,,,2022,,,,12247,0,5.14,Conventional,WPR3,C,,
IND - Waima Orchard ,R1096,,Independent Sector,WAIMA-C,996,Rockit,,Apples,CG202,,3,2,2023,,,2024,,,,350,0,0,Conventional,C,C,,
Wharerangi,R1936,Shane Crawford,Crownthorpe Sector,WHAR A1,996,Rockit,,Apples,MM.106,Spindle,4.5,2.5,2012,,,2021,,A1,,1953,18,1.55,Conventional,A1,A,,
Wharerangi,R1936,Shane Crawford,Crownthorpe Sector,WHAR A2,996,Rockit,,Apples,MM.106,Spindle,4.5,2.5,2012,,,2021,,A2,,1365,15,1.3,Conventional,A2,A,,
Wharerangi,R1936,Shane Crawford,Crownthorpe Sector,WHAR B1,996,Rockit,,Apples,M.9,Spindle,4.5,2,2012,,,2021,,B1,,723,6,0.71,Conventional,B1,B,,
Wharerangi,R1936,Shane Crawford,Crownthorpe Sector,WHAR B2,996,Rockit,,Apples,MM.106,Spindle,4.5,2,2012,,,2021,,B2,,739,6,0.71,Conventional,B2,B,,
Wharerangi,R1936,Shane Crawford,Crownthorpe Sector,WHAR C1,996,Rockit,,Apples,MM.106,Spindle,4.5,2.5,2012,,,2021,,C1,,1015,9,0.67,Conventional,C1,C,,
Wharerangi,R1936,Shane Crawford,Crownthorpe Sector,WHAR C2,996,Rockit,,Apples,MM.106,Spindle,4.5,2.5,2012,,,2021,,C2,,1090,9,0.67,Conventional,C2,C,,
Wharerangi,R1936,Shane Crawford,Crownthorpe Sector,WHAR D,996,Rockit,,Apples,M.9,Spindle,3,1.4,2013,,,2021,,M9 planted,,2461,16,1.07,Conventional,D,D,,
IND - Willowbank Orchard,R1095,,Independent Sector,WIL-BACK,996,Rockit,,Apples,M.9,,3.5,1.5,2016,,,2022,,,,4000,1,2.1,Conventional,C,C,,
IND - Willowbank Orchard,R1095,,Independent Sector,WIL-FRONT,996,Rockit,,Apples,M.9,,3.5,1.5,2016,,,2022,,,,3800,1,1.995,Conventional,B,B,,
IND - Wi Pere Trust,R2954,,Independent Sector,WIP-S1ROC,996,Rockit,,Apples,M9,,,,2021,,,2023,,,,24000,0,10,Conventional,S1ROC,A,,
IND - Wi Pere Trust,R2954,,Independent Sector,WIP-S2ROC,996,Rockit,,Apples,M9,,,,2022,,,2023,,,,24000,0,10,Conventional,S2ROC,A,,
IND - Williams Road,R2967,,Independent Sector,WLM-A,996,Rockit,,Apples,M9,,2.8,1.6,2022,,,2024,,,,8500,0,3.88,Conventional,A,A,,
IND - Williams Road,R2967,,Independent Sector,WLM-B,996,Rockit,,Apples,M9,,2.8,1.6,2022,,,2024,,,,9500,0,4.32,Conventional,B,B,,
IND - Waimea home,R1651,,Independent Sector,WMH-CWEST,996,Rockit,,Apples,CG202,,1.1,2.5,2023,,,2024,,,,4588,0,1.76,Conventional,C,C,,
IND - Waimea home,R1651,,Independent Sector,WMH-DSOUTH,996,Rockit,,Apples,MM106,,1.1,3.5,2023,,,2024,,,,1494,0,0.57,Conventional,D,D,,
IND - Waimea home,R1651,,Independent Sector,WMH-FWEST,996,Rockit,,Apples,M9,,1.4,3.5,2023,,,2024,,,,2479,0,1.22,Conventional,,,,
