BinSource,ContractVendor,Orchard,OrchardBlock,OrchardPIN,OrchardProdSite,PackDate,Run,RunState,StorageType,Variety,VarietyStrain,Bins,KGsTotal,KGsExport,TCEsExport,KGsLocal,TCEsLocal,KGsProcess,TCEsProcess,KGsNonProcess,AvgSizeDenominator,AvgSizeNumerator
Pre-sized,Rockit Trading Company Ltd,Dartmoor,DR7,R2851,R2851M,11/04/2024,PE1089,Final report sent,Smartfresh Air,Rockit (TM) (996),Rockit (TM) (996),52,18720,18720,1040,0,0,0,0,18720,0,0
Orchard pick,Rockit Trading Company Ltd,Rockit Manzana,C1,R2879,R2879C,11/04/2024,P1147,Final report sent,Smartfresh Air,Rockit (TM) (996),Rockit (TM) (996),21,9359.226,8417.466,467.6367085,0,0,941.76,52.31999948,8417.466,367.29,44074.8
Pre-sized,Rockit Trading Company Ltd,Springhill East,36,R2949,R2949S,24/07/2024,PE1177,Final report sent,Smartfresh Air,Rockit (TM) (996),Rockit (TM) (996),115,41400,41400,2300,0,0,0,0,41400,360,43200
Orchard pick,Rockit Trading Company Ltd,Valley,F2,R2919,R2919F,5/09/2024,P1455,Done,Smartfresh Air,Rockit (TM) (996),Rockit (TM) (996),6,2393.644,1657.764,92.098,0,0,735.88,40.88222181,1657.764,81.612,9793.44
Pre-sized,Rockit Trading Company Ltd,Springhill East,37,R2949,R2949T,26/07/2024,PE1180,Final report sent,Smartfresh Air,Rockit (TM) (996),Rockit (TM) (996),82,29520,29520,1640,0,0,0,0,29520,0,0
Orchard pick,Rockit Trading Company Ltd,Mana2,,R2927,R2927B,27/08/2024,P1431,Final report sent,Smartfresh CA,Rockit (TM) (996),Rockit (TM) (996),26,10787.908,8493.228,471.846,0,0,2294.68,127.4822209,8493.228,0,0
Orchard pick,Rockit Trading Company Ltd,Karaua,ROCK1,R2934,R2934F,7/08/2024,P1402,Final report sent,Smartfresh Air,Rockit (TM) (996),Rockit (TM) (996),14,5449.22,4274.82,237.49,0,0,1174.4,65.24444379,4274.82,119.664,14359.68
Orchard pick,Rockit Trading Company Ltd,Springhill East,32,R2949,R2949O,23/07/2024,P1377,Final report sent,Smartfresh Air,Rockit (TM) (996),Rockit (TM) (996),130,55879.108,50382.108,2799.006,0,0,5497,305.3888858,50382.108,634.716,76165.92
Pre-sized,Rockit Trading Company Ltd,Colaghty Orchard,A,R2929,R2929A,26/08/2024,PE1214,Final report sent,Smartfresh Air,Rockit (TM) (996),Rockit (TM) (996),7,2520,2520,140,0,0,0,0,2520,0,0
Pre-sized,Rockit Trading Company Ltd,Pioneer,,R1580,R1580C,26/08/2024,PE1213,Final report sent,Smartfresh Air,Rockit (TM) (996),Rockit (TM) (996),5,1800,1800,100,0,0,0,0,1800,0,0
Orchard pick,Rockit Trading Company Ltd,Dartmoor,DR3,R2851,R2851E,15/08/2024,P1409,Final report sent,Smartfresh Air,Rockit (TM) (996),Rockit (TM) (996),52,22180.184,18931.104,1051.728,0,0,3249.08,180.5044426,18931.104,454.536,54544.32
Pre-sized,Rockit Trading Company Ltd,Valley,,R2919,R2919C,10/06/2024,PE1141,Final report sent,Smartfresh Air,Rockit (TM) (996),Rockit (TM) (996),86,30960,30960,1720,0,0,0,0,30960,13680,2586600
Orchard pick,Rockit Trading Company Ltd,Valley,,R2919,R2919A,3/05/2024,P1200,Final report sent,Smartfresh Air,Rockit (TM) (996),Rockit (TM) (996),54,22526.518,19592.958,1088.495,0,0,2933.56,162.9755539,19592.958,7471.11,1362350.7
Pre-sized,Rockit Trading Company Ltd,MANZANA 2,C,R2925,R2925C,7/08/2024,PE1190,Final report sent,Smartfresh Air,Rockit (TM) (996),Rockit (TM) (996),32,11520,11520,640,0,0,0,0,11520,0,0
Orchard pick,Rockit Trading Company Ltd,Steel,D,R1149,R1149D,23/08/2024,P1422,Final report sent,Smartfresh CA,Rockit (TM) (996),Rockit (TM) (996),17,7044.872,5239.512,291.084,0,0,1805.36,100.2977768,5239.512,0,0
Pre-sized,Rockit Trading Company Ltd,Springhill East,30,R2949,R2949M,26/07/2024,PE1179,Final report sent,Smartfresh Air,Rockit (TM) (996),Rockit (TM) (996),90,32400,32400,1800,0,0,0,0,32400,720,86400
Pre-sized,Rockit Trading Company Ltd,Mana2,B2,R2927,R2927B,19/08/2024,PE1199,Final report sent,Smartfresh CA,Rockit (TM) (996),Rockit (TM) (996),50,18000,18000,1000,0,0,0,0,18000,0,0
Pre-sized,Rockit Trading Company Ltd,MANZANA 2,A,R2925,R2925A,24/06/2024,PE1162,Final report sent,Smartfresh Air,Rockit (TM) (996),Rockit (TM) (996),65,23400,23400,1300,0,0,0,0,23400,10440,1873800
Orchard pick,Rockit Trading Company Ltd,Sim2,A1,R2886,R2886A,11/04/2024,P1150,Final report sent,Smartfresh Air,Rockit (TM) (996),Rockit (TM) (996),29,13030.382,11199.982,622.2207785,0,0,1830.4,101.6888879,11199.982,279.09,33490.8
Pre-sized,Rockit Trading Company Ltd,Rangi2,C,R2901,R2901C,26/08/2024,PE1217,Final report sent,Smartfresh Air,Rockit (TM) (996),Rockit (TM) (996),4,1440,1440,80,0,0,0,0,1440,0,0
Pre-sized,Rockit Trading Company Ltd,Korokipo Verries,KVR1,R2872,R2872B,5/09/2024,PE1229,Done,Smartfresh Air,Rockit (TM) (996),Rockit (TM) (996),22,7920,7920,440,0,0,0,0,7920,0,0
Orchard pick,Rockit Trading Company Ltd,Korokipo Verries,KVR3,R2872,R2872H,6/08/2024,P1396,Final report sent,Smartfresh Air,Rockit (TM) (996),Rockit (TM) (996),22,9006.604,7318.044,406.558,0,0,1688.56,93.80888795,7318.044,0,0
Orchard pick,Rockit Trading Company Ltd,Springhill East,36,R2949,R2949S,23/07/2024,P1378,Final report sent,Smartfresh Air,Rockit (TM) (996),Rockit (TM) (996),105,44993.184,40631.184,2257.288,0,0,4362,242.3333309,40631.184,337.644,40517.28
Pre-sized,Rockit Trading Company Ltd,MANZANA 2,B,R2925,R2925B,26/08/2024,PE1208,Final report sent,Smartfresh CA,Rockit (TM) (996),Rockit (TM) (996),55,19800,19800,1100,0,0,0,0,19800,0,0
Orchard pick,Rockit Trading Company Ltd,Sunvalley Orchard,NORTH,R2732,R2732A,25/07/2024,P1383,Final report sent,Smartfresh Air,Rockit (TM) (996),Rockit (TM) (996),241,103211.308,89480.628,4971.146,0,0,13730.68,762.8155479,89480.628,5737.752,688530.24
Pre-sized,Rockit Trading Company Ltd,Waipatu,WPR2,R2873,R2873B,6/08/2024,PE1184,Final report sent,Smartfresh Air,Rockit (TM) (996),Rockit (TM) (996),48,17280,17280,960,0,0,0,0,17280,360,43200
Orchard pick,Rockit Trading Company Ltd,Steel,C,R1149,R1149C,23/08/2024,P1423,Final report sent,Smartfresh CA,Rockit (TM) (996),Rockit (TM) (996),17,7922.128,5919.048,328.836,0,0,2003.08,111.2822211,5919.048,237.204,28464.48
Pre-sized,Rockit Trading Company Ltd,Valley,F2,R2919,R2919F,5/09/2024,PE1230,Labelling,Smartfresh Air,Rockit (TM) (996),Rockit (TM) (996),1,360,360,20,0,0,0,0,360,0,0
Pre-sized,Rockit Trading Company Ltd,Rangi2,B,R2901,R2901B,26/06/2024,PE1168,Done,Smartfresh Air,Rockit (TM) (996),Rockit (TM) (996),89,31680,31680,1760,0,0,0,0,31680,11160,2176200
Pre-sized,Rockit Trading Company Ltd,Crown,A2,R2924,R2924A,26/08/2024,PE1215,Final report sent,Smartfresh Air,Rockit (TM) (996),Rockit (TM) (996),2,720,720,40,0,0,0,0,720,0,0
Pre-sized,Rockit Trading Company Ltd,Mana1,A2,R2926,R2926A,26/08/2024,PE1216,Final report sent,Smartfresh Air,Rockit (TM) (996),Rockit (TM) (996),1,360,360,20,0,0,0,0,360,0,0
Orchard pick,Rockit Trading Company Ltd,Sim1,C1,R2900,R2900C,11/04/2024,P1144,Final report sent,Smartfresh Air,Rockit (TM) (996),Rockit (TM) (996),16,6632.126,5443.806,302.4332435,0,0,1188.32,66.01777712,5443.806,533.19,63982.8
Orchard pick,Rockit Trading Company Ltd,Pioneer,C1,R1580,R1580C,2/06/2024,P1258,Final report sent,Smartfresh Air,Rockit (TM) (996),Rockit (TM) (996),52,21136.922,18428.962,1023.831,0,0,2707.96,150.4422207,18428.962,6851.916,1250838.72
Orchard pick,Rockit Trading Company Ltd,HAU,,R2776,R2776A,13/05/2024,P1221,Final report sent,Smartfresh Air,Rockit (TM) (996),Rockit (TM) (996),159,67887.672,58854.672,3269.704,0,0,9033,501.8333283,58854.672,22230.936,4241504.52
Orchard pick,Rockit Trading Company Ltd,Dartmoor,DR4,R2851,R2851G,11/04/2024,P1146,Final report sent,Smartfresh Air,Rockit (TM) (996),Rockit (TM) (996),21,9004.442,8432.442,468.4686965,0,0,572,31.77777746,8432.442,382.41,45889.2
Orchard pick,Rockit Trading Company Ltd,HAU,,R2776,R2776B,1/07/2024,P1332,Final report sent,Smartfresh Air,Rockit (TM) (996),Rockit (TM) (996),369,159274.852,135518.652,7528.814,0,0,23756.2,1319.788876,135518.652,50199.156,9353976.12
Pre-sized,Rockit Trading Company Ltd,Sim1,B3,R2900,R2900B,12/04/2024,PE1090,Final report sent,Smartfresh Air,Rockit (TM) (996),Rockit (TM) (996),35,12600,12600,700,0,0,0,0,12600,0,0
Orchard pick,Rockit Trading Company Ltd,Longacre Orchard,B1,R2219,R2219B,12/06/2024,P1288,Final report sent,Smartfresh Air,Rockit (TM) (996),Rockit (TM) (996),15,6797.312,5972.112,331.784,0,0,825.2,45.84444399,5972.112,108.684,13042.08
Orchard pick,Rockit Trading Company Ltd,MANZANA 2,B,R2925,R2925B,24/06/2024,P1313,Final report sent,Smartfresh Air,Rockit (TM) (996),Rockit (TM) (996),57,25259.348,21036.588,1167.588,0,0,4222.76,234.5977754,21036.588,7302.276,1345182.12
Orchard pick,Rockit Trading Company Ltd,Dartmoor,DR7,R2851,R2851M,10/04/2024,P1142,Final report sent,Smartfresh Air,Rockit (TM) (996),Rockit (TM) (996),59,26221.654,23982.414,1332.355264,0,0,2239.24,124.402221,23982.414,927.99,111358.8
Pre-sized,Rockit Trading Company Ltd,Knight Road Horticulture,A,R2958,R2958D,7/08/2024,PE1186,Final report sent,Smartfresh Air,Rockit (TM) (996),Rockit (TM) (996),33,11880,11880,660,0,0,0,0,11880,720,86400
Orchard pick,Rockit Trading Company Ltd,Home Block,A,R1230,R1230A,30/05/2024,P1248,Final report sent,Smartfresh Air,Rockit (TM) (996),Rockit (TM) (996),77,32112.178,28409.378,1578.299564,0,0,3702.8,205.7111091,28409.378,10372.068,2005977.96
Orchard pick,Rockit Trading Company Ltd,Springhill East,30,R2949,R2949M,10/06/2024,P1281,Final report sent,Smartfresh Air,Rockit (TM) (996),Rockit (TM) (996),141,58839.764,53446.644,2969.258,0,0,5393.12,299.6177748,53446.644,1050.264,126031.68
Orchard pick,Rockit Trading Company Ltd,MANZANA 2,A,R2925,R2925A,24/06/2024,P1314,Final report sent,Smartfresh Air,Rockit (TM) (996),Rockit (TM) (996),82,34996.94,29033.74,1612.98545,0,0,5963.2,331.2888856,29033.74,10491.588,1873996.56
Pre-sized,Rockit Trading Company Ltd,HAU,A2,R2776,R2776A,26/06/2024,PE1169,Final report sent,Smartfresh Air,Rockit (TM) (996),Rockit (TM) (996),53,19080,19080,1060,0,0,0,0,19080,6840,1333800
Pre-sized,Rockit Trading Company Ltd,Valley,A1,R2919,R2919A,2/06/2024,PE1145,Final report sent,Smartfresh Air,Rockit (TM) (996),Rockit (TM) (996),26,9360,9360,520,0,0,0,0,9360,3600,702000
Orchard pick,Rockit Trading Company Ltd,Longlands,,R2329,R2329D,11/06/2024,P1286,Final report sent,Smartfresh Air,Rockit (TM) (996),Rockit (TM) (996),51,21551.264,19392.264,1077.348,0,0,2159,119.9444432,19392.264,1979.496,237539.52
Orchard pick,Rockit Trading Company Ltd,Crown,,R2924,R2924A,24/07/2024,P1379,Final report sent,Smartfresh Air,Rockit (TM) (996),Rockit (TM) (996),196,83705.888,73509.048,4083.836,0,0,10196.84,566.4911054,73509.048,1400.148,168017.76
Pre-sized,Rockit Trading Company Ltd,Steel,D,R1149,R1149D,23/08/2024,PE1204,Final report sent,Smartfresh CA,Rockit (TM) (996),Rockit (TM) (996),14,5040,5040,280,0,0,0,0,5040,0,0
Orchard pick,Rockit Trading Company Ltd,Rockit Manzana,D2,R2879,R2879D,6/08/2024,P1394,Final report sent,Smartfresh Air,Rockit (TM) (996),Rockit (TM) (996),42,18016.924,13900.284,772.238,0,0,4116.64,228.7022199,13900.284,350.028,42003.36
Orchard pick,Rockit Trading Company Ltd,Rockit Manahi,,R2880,R2880A,8/07/2024,P1344,Final report sent,Smartfresh Air,Rockit (TM) (996),Rockit (TM) (996),232,93724.852,83351.772,4630.654,0,0,10373.08,576.2822165,83351.772,30471.768,5614098.66
Pre-sized,Rockit Trading Company Ltd,Springhill East,32,R2949,R2949O,24/07/2024,PE1176,Final report sent,Smartfresh Air,Rockit (TM) (996),Rockit (TM) (996),141,50760,50760,2820,0,0,0,0,50760,360,43200
Pre-sized,Rockit Trading Company Ltd,Longlands,,R2329,R2329A,2/07/2024,PE1171,Done,Smartfresh Air,Rockit (TM) (996),Rockit (TM) (996),133,48960,48960,2720,0,0,0,0,48960,19080,2829600
Pre-sized,Rockit Trading Company Ltd,Rockit Manzana,C1,R2879,R2879C,24/06/2024,PE1164,Done,Smartfresh Air,Rockit (TM) (996),Rockit (TM) (996),10,3240,3240,180,0,0,0,0,3240,1080,210600
Pre-sized,Rockit Trading Company Ltd,Colaghty Orchard,A,R2929,R2929A,23/08/2024,PE1205,Final report sent,Smartfresh Air,Rockit (TM) (996),Rockit (TM) (996),3,1080,1080,60,0,0,0,0,1080,0,0
Pre-sized,Rockit Trading Company Ltd,Pioneer,,R1580,R1580C,12/06/2024,PE1154,Final report sent,Smartfresh Air,Rockit (TM) (996),Rockit (TM) (996),77,27720,27720,1540,0,0,0,0,27720,0,0
Orchard pick,Rockit Trading Company Ltd,Dartmoor,DR4,R2851,R2851G,11/05/2024,P1219,Final report sent,Smartfresh Air,Rockit (TM) (996),Rockit (TM) (996),50,20601.604,18282.564,1015.143872,0,0,2319.04,128.8355543,18282.564,8401.068,1559449.26
Orchard pick,Rockit Trading Company Ltd,Rockit Manzana,C1,R2879,R2879C,11/05/2024,P1218,Final report sent,Smartfresh Air,Rockit (TM) (996),Rockit (TM) (996),49,20647.231,18012.831,1000.714705,0,0,2634.4,146.3555541,18012.831,7323.084,1368695.88
Orchard pick,Rockit Trading Company Ltd,Springhill East,30,R2949,R2949M,24/07/2024,P1381,Final report sent,Smartfresh Air,Rockit (TM) (996),Rockit (TM) (996),84,34395.136,31597.776,1755.432,0,0,2797.36,155.4088873,31597.776,700.128,84015.36
Pre-sized,Rockit Trading Company Ltd,Paki Paki,PPRK1,R2786,R2786A,24/06/2024,PE1165,Final report sent,Smartfresh Air,Rockit (TM) (996),Rockit (TM) (996),23,8280,8280,460,0,0,0,0,8280,2880,561600
Pre-sized,Rockit Trading Company Ltd,Dartmoor,DR1,R2851,R2851A,12/04/2024,PE1092,Final report sent,Smartfresh Air,Rockit (TM) (996),Rockit (TM) (996),10,3600,3600,200,0,0,0,0,3600,0,0
Orchard pick,Rockit Trading Company Ltd,Steel,A,R1149,R1149A,23/08/2024,P1420,Final report sent,Smartfresh CA,Rockit (TM) (996),Rockit (TM) (996),53,22128.648,16318.368,906.576,0,0,5810.28,322.7933301,16318.368,0,0
Orchard pick,Rockit Trading Company Ltd,Rockit Manahi,F2,R2880,R2880F,24/06/2024,P1317,Final report sent,Smartfresh Air,Rockit (TM) (996),Rockit (TM) (996),105,44114.014,37846.214,2102.011673,0,0,6267.8,348.2111076,37846.214,13623.048,2564613.36
Pre-sized,Rockit Trading Company Ltd,HAU,,R2776,R2776A,14/05/2024,PE1130,Done,Smartfresh Air,Rockit (TM) (996),Rockit (TM) (996),131,47520,47520,2640,0,0,0,0,47520,21600,4212000
Pre-sized,Rockit Trading Company Ltd,Wharerangi,A1,R1936,R1936A,3/05/2024,PE1122,Final report sent,Smartfresh Air,Rockit (TM) (996),Rockit (TM) (996),6,2160,2160,120,0,0,0,0,2160,0,0
Orchard pick,Rockit Trading Company Ltd,Rangi2,C,R2901,R2901C,11/06/2024,P1285,Final report sent,Smartfresh Air,Rockit (TM) (996),Rockit (TM) (996),79,33022.264,28606.104,1589.228,0,0,4416.16,245.3422198,28606.104,0,0
Pre-sized,Rockit Trading Company Ltd,Mana2,,R2927,R2927B,27/08/2024,PE1225,Final report sent,Smartfresh CA,Rockit (TM) (996),Rockit (TM) (996),20,7200,7200,400,0,0,0,0,7200,0,0
Pre-sized,Rockit Trading Company Ltd,HAU,,R2776,R2776B,3/07/2024,PE1172,Done,Smartfresh Air,Rockit (TM) (996),Rockit (TM) (996),374,133560,133560,7420,0,0,0,0,133560,48960,9142200
Pre-sized,Rockit Trading Company Ltd,Colaghty Orchard,B,R2929,R2929B,12/06/2024,PE1156,Final report sent,Smartfresh Air,Rockit (TM) (996),Rockit (TM) (996),22,7920,7920,440,0,0,0,0,7920,0,0
Pre-sized,Rockit Trading Company Ltd,Pioneer,C1,R1580,R1580C,5/09/2024,PE1226,Done,Smartfresh Air,Rockit (TM) (996),Rockit (TM) (996),9,3240,3240,180,0,0,0,0,3240,2160,421200
Pre-sized,Rockit Trading Company Ltd,Valley,B1,R2919,R2919B,2/06/2024,PE1146,Final report sent,Smartfresh Air,Rockit (TM) (996),Rockit (TM) (996),20,7200,7200,400,0,0,0,0,7200,3600,702000
Pre-sized,Rockit Trading Company Ltd,Wharerangi,A1,R1936,R1936A,4/05/2024,PE1123,Final report sent,Smartfresh Air,Rockit (TM) (996),Rockit (TM) (996),44,15840,15840,880,0,0,0,0,15840,7560,1474200
Pre-sized,Rockit Trading Company Ltd,Colaghty Orchard,A,R2929,R2929A,11/06/2024,PE1150,Final report sent,Smartfresh Air,Rockit (TM) (996),Rockit (TM) (996),40,14400,14400,800,0,0,0,0,14400,0,0
Orchard pick,Rockit Trading Company Ltd,Korokipo Verries,KVR1,R2872,R2872B,5/09/2024,P1454,Done,Smartfresh Air,Rockit (TM) (996),Rockit (TM) (996),29,11971.904,9690.264,538.348,0,0,2281.64,126.7577765,9690.264,670.788,80494.56
Pre-sized,Rockit Trading Company Ltd,MANZANA 2,B,R2925,R2925B,12/04/2024,PE1094,Final report sent,Smartfresh Air,Rockit (TM) (996),Rockit (TM) (996),23,8280,8280,460,0,0,0,0,8280,0,0
Pre-sized,Rockit Trading Company Ltd,Riverside Apples,,R1021,R1021A,27/08/2024,PE1224,Final report sent,Smartfresh CA,Rockit (TM) (996),Rockit (TM) (996),34,12240,12240,680,0,0,0,0,12240,0,0
Orchard pick,Rockit Trading Company Ltd,Steel,B,R1149,R1149B,5/09/2024,P1453,Done,Smartfresh Air,Rockit (TM) (996),Rockit (TM) (996),15,6212.688,4796.208,266.456,0,0,1416.48,78.69333255,4796.208,563.004,93812.58
Pre-sized,Rockit Trading Company Ltd,Rockit Manahi,F2,R2880,R2880F,12/04/2024,PE1097,Final report sent,Smartfresh Air,Rockit (TM) (996),Rockit (TM) (996),27,9720,9720,540,0,0,0,0,9720,0,0
Pre-sized,Rockit Trading Company Ltd,Sim1,C1,R2900,R2900C,12/04/2024,PE1091,Final report sent,Smartfresh Air,Rockit (TM) (996),Rockit (TM) (996),14,5040,5040,280,0,0,0,0,5040,0,0
Pre-sized,Rockit Trading Company Ltd,Korokipo Verries,KVR1,R2872,R2872B,8/08/2024,PE1195,Final report sent,Smartfresh Air,Rockit (TM) (996),Rockit (TM) (996),13,4680,4680,260,0,0,0,0,4680,0,0
Pre-sized,Rockit Trading Company Ltd,Rockit Manzana,,R2879,R2879A,26/08/2024,PE1201,Final report sent,Smartfresh CA,Rockit (TM) (996),Rockit (TM) (996),37,13320,13320,740,0,0,0,0,13320,0,0
Orchard pick,Rockit Trading Company Ltd,Moa Apples,,R1626,R1626A,4/05/2024,P1198,Final report sent,Smartfresh Air,Rockit (TM) (996),Rockit (TM) (996),59,27035.452,22048.572,1224.903168,0,0,4986.88,277.0488861,22048.572,797.496,95699.52
Orchard pick,Rockit Trading Company Ltd,Valley,B1,R2919,R2919B,12/06/2024,P1289,Final report sent,Smartfresh Air,Rockit (TM) (996),Rockit (TM) (996),14,6058.44,5284.08,293.56,0,0,774.36,43.01999957,5284.08,222.876,26745.12
Orchard pick,Rockit Trading Company Ltd,Steel,A,R1149,R1149A,11/04/2024,P1148,Final report sent,Smartfresh Air,Rockit (TM) (996),Rockit (TM) (996),26,10992.02,9674.1,537.4497436,0,0,1317.92,73.21777705,9674.1,183.036,21964.32
Pre-sized,Rockit Trading Company Ltd,Longlands,,R2329,R2329B,8/08/2024,PE1194,Final report sent,Smartfresh Air,Rockit (TM) (996),Rockit (TM) (996),20,7200,7200,400,0,0,0,0,7200,0,0
Pre-sized,Rockit Trading Company Ltd,Rockit Manzana,B3,R2879,R2879B,5/09/2024,PE1227,Done,Smartfresh Air,Rockit (TM) (996),Rockit (TM) (996),14,5040,5040,280,0,0,0,0,5040,2880,561600
Orchard pick,Rockit Trading Company Ltd,Crown,,R2924,R2924B,16/08/2024,P1410,Final report sent,Smartfresh Air,Rockit (TM) (996),Rockit (TM) (996),122,51576.856,42016.536,2334.252,0,0,9560.32,531.1288836,42016.536,581.364,69763.68
Pre-sized,Rockit Trading Company Ltd,Rockit Manzana,,R2879,R2879B,19/08/2024,PE1200,Final report sent,Smartfresh CA,Rockit (TM) (996),Rockit (TM) (996),37,13320,13320,740,0,0,0,0,13320,360,43200
Pre-sized,Rockit Trading Company Ltd,Riverside Apples,,R1021,R1021B,27/08/2024,PE1221,Final report sent,Smartfresh CA,Rockit (TM) (996),Rockit (TM) (996),45,16200,16200,900,0,0,0,0,16200,0,0
Pre-sized,Rockit Trading Company Ltd,Crown,B1,R2924,R2924B,16/08/2024,PE1198,Done,Smartfresh Air,Rockit (TM) (996),Rockit (TM) (996),194,69480,69480,3860,0,0,0,0,69480,360,43200
Orchard pick,Rockit Trading Company Ltd,Lawn Road,C2,R2917,R2917C,10/06/2024,P1280,Final report sent,Smartfresh Air,Rockit (TM) (996),Rockit (TM) (996),50,21098.284,18989.604,1054.978,0,0,2108.68,117.1488877,18989.604,990.468,118856.16
Orchard pick,Rockit Trading Company Ltd,HAU,A2,R2776,R2776A,25/06/2024,P1319,Final report sent,Smartfresh Air,Rockit (TM) (996),Rockit (TM) (996),53,22722.848,19638.648,1091.036,0,0,3084.2,171.3444427,19638.648,7417.764,1404765.18
Pre-sized,Rockit Trading Company Ltd,Rockit Manzana,C1,R2879,R2879C,12/04/2024,PE1096,Final report sent,Smartfresh Air,Rockit (TM) (996),Rockit (TM) (996),23,8280,8280,460,0,0,0,0,8280,0,0
Pre-sized,Rockit Trading Company Ltd,Lawn Road,C2,R2917,R2917C,10/06/2024,PE1147,Final report sent,Smartfresh Air,Rockit (TM) (996),Rockit (TM) (996),40,14400,14400,800,0,0,0,0,14400,0,0
Pre-sized,Rockit Trading Company Ltd,Waipatu,WPR3,R2873,R2873C,6/08/2024,PE1183,Done,Smartfresh Air,Rockit (TM) (996),Rockit (TM) (996),107,27360,27360,1520,0,0,0,0,27360,360,43200
Pre-sized,Rockit Trading Company Ltd,Dartmoor,DR3,R2851,R2851E,16/08/2024,PE1197,Final report sent,Smartfresh Air,Rockit (TM) (996),Rockit (TM) (996),52,18720,18720,1040,0,0,0,0,18720,360,43200
Orchard pick,Rockit Trading Company Ltd,Sunvalley Orchard,WEST,R2732,R2732A,26/08/2024,P1428,Final report sent,Smartfresh CA,Rockit (TM) (996),Rockit (TM) (996),50,20738.272,17744.472,985.804,0,0,2993.8,166.3222206,17744.472,312.66,37519.2
Orchard pick,Rockit Trading Company Ltd,Crown,A2,R2924,R2924A,11/05/2024,P1220,Final report sent,Smartfresh Air,Rockit (TM) (996),Rockit (TM) (996),33,14837.83,13302.39,738.4675298,0,0,1535.44,85.30222137,13302.39,4887.216,926749.62
Pre-sized,Rockit Trading Company Ltd,Pioneer,,R1580,R1580A,2/06/2024,PE1143,Final report sent,Smartfresh Air,Rockit (TM) (996),Rockit (TM) (996),29,10440,10440,580,0,0,0,0,10440,3960,772200
Orchard pick,Rockit Trading Company Ltd,Home Block,B,R1230,R1230B,30/05/2024,P1249,Final report sent,Smartfresh Air,Rockit (TM) (996),Rockit (TM) (996),62,26320.957,22720.277,1262.238988,0,0,3600.68,200.0377758,22720.277,7105.212,1376908.74
Orchard pick,Rockit Trading Company Ltd,Valley,,R2919,R2919D,17/06/2024,P1302,Final report sent,Smartfresh Air,Rockit (TM) (996),Rockit (TM) (996),258,110400.704,96091.344,5338.408,0,0,14309.36,794.9644365,96091.344,37441.944,6986132.28
Orchard pick,Rockit Trading Company Ltd,Dartmoor,DR5,R2851,R2851I,15/08/2024,P1408,Final report sent,Smartfresh Air,Rockit (TM) (996),Rockit (TM) (996),89,36893.312,29202.552,1622.364,0,0,7690.76,427.2644402,29202.552,1080.18,129621.6
Pre-sized,Rockit Trading Company Ltd,Longlands,,R2329,R2329D,26/08/2024,PE1220,Final report sent,Smartfresh Air,Rockit (TM) (996),Rockit (TM) (996),3,1080,1080,60,0,0,0,0,1080,0,0
Pre-sized,Rockit Trading Company Ltd,Rockit Manzana,D1,R2879,R2879D,12/04/2024,PE1099,Final report sent,Smartfresh Air,Rockit (TM) (996),Rockit (TM) (996),27,9720,9720,540,0,0,0,0,9720,0,0
Orchard pick,Rockit Trading Company Ltd,Longlands,C1,R2329,R2329C,10/06/2024,P1283,Final report sent,Smartfresh Air,Rockit (TM) (996),Rockit (TM) (996),55,23513.004,21174.084,1176.338,0,0,2338.92,129.9399987,21174.084,4146.156,497538.72
Orchard pick,Rockit Trading Company Ltd,Longlands,,R2329,R2329B,8/08/2024,P1404,Final report sent,Smartfresh Air,Rockit (TM) (996),Rockit (TM) (996),27,11066.576,8927.856,495.992,0,0,2138.72,118.8177766,8927.856,663.12,79574.4
Pre-sized,Rockit Trading Company Ltd,Raukawa,,R1232,R1232A,12/06/2024,PE1155,Final report sent,Smartfresh Air,Rockit (TM) (996),Rockit (TM) (996),20,7200,7200,400,0,0,0,0,7200,0,0
Orchard pick,Rockit Trading Company Ltd,Raukawa,B4,R1232,R1232B,23/08/2024,P1424,Final report sent,Smartfresh CA,Rockit (TM) (996),Rockit (TM) (996),29,12722.632,9585.432,532.524,0,0,3137.2,174.2888871,9585.432,360.108,43212.96
Orchard pick,Rockit Trading Company Ltd,Waipatu,WPR3,R2873,R2873C,5/08/2024,P1392,Final report sent,Smartfresh Air,Rockit (TM) (996),Rockit (TM) (996),110,44391.604,38870.964,2159.498,0,0,5520.64,306.7022192,38870.964,544.572,65348.64
Orchard pick,Rockit Trading Company Ltd,Valley,,R2919,R2919E,25/06/2024,P1320,Final report sent,Smartfresh Air,Rockit (TM) (996),Rockit (TM) (996),75,32371.776,28019.736,1556.652,0,0,4352.04,241.7799976,28019.736,10717.56,2000484
Pre-sized,Rockit Trading Company Ltd,Valley,,R2919,R2919D,19/06/2024,PE1159,Final report sent,Smartfresh Air,Rockit (TM) (996),Rockit (TM) (996),274,98640,98640,5480,0,0,0,0,98640,38520,7187400
Orchard pick,Rockit Trading Company Ltd,Valley,B1,R2919,R2919B,2/06/2024,P1256,Final report sent,Smartfresh Air,Rockit (TM) (996),Rockit (TM) (996),28,12751.042,10760.242,597.791,0,0,1990.8,110.5999989,10760.242,4039.524,764106.48
Orchard pick,Rockit Trading Company Ltd,Rockit Manzana,A2,R2879,R2879A,24/08/2024,P1426,Final report sent,Smartfresh CA,Rockit (TM) (996),Rockit (TM) (996),35,14812.228,12096.828,672.046,0,0,2715.4,150.855554,12096.828,261.972,31436.64
Orchard pick,Rockit Trading Company Ltd,Longacre Orchard,,R2219,R2219A,26/08/2024,P1427,Final report sent,Smartfresh CA,Rockit (TM) (996),Rockit (TM) (996),61,25920.976,20272.536,1126.252,0,0,5648.44,313.8022191,20272.536,283.752,34050.24
Orchard pick,Rockit Trading Company Ltd,Sim1,B3,R2900,R2900B,11/04/2024,P1143,Final report sent,Smartfresh Air,Rockit (TM) (996),Rockit (TM) (996),34,14409.364,12817.844,712.1021932,0,0,1591.52,88.41777689,12817.844,176.568,21188.16
Orchard pick,Rockit Trading Company Ltd,MANZANA 2,B,R2925,R2925B,23/08/2024,P1425,Final report sent,Smartfresh CA,Rockit (TM) (996),Rockit (TM) (996),62,27948.96,21121.92,1173.44,0,0,6827.04,379.2799962,21121.92,621.18,74541.6
Orchard pick,Rockit Trading Company Ltd,Te Aute Road North,,R1233,R1233A,3/05/2024,P1199,Final report sent,Smartfresh Air,Rockit (TM) (996),Rockit (TM) (996),52,20965.99,16740.87,930.0435359,0,0,4225.12,234.7288865,16740.87,5700.954,1098156.78
Pre-sized,Rockit Trading Company Ltd,MANZANA 2,A,R2925,R2925A,12/04/2024,PE1087,Final report sent,Smartfresh Air,Rockit (TM) (996),Rockit (TM) (996),5,1800,1800,100,0,0,0,0,1800,0,0
Orchard pick,Rockit Trading Company Ltd,Pioneer,,R1580,R1580C,11/06/2024,P1291,Final report sent,Smartfresh Air,Rockit (TM) (996),Rockit (TM) (996),104,43245.352,37941.552,2107.864,0,0,5303.8,294.6555526,37941.552,2601.288,312154.56
Orchard pick,Rockit Trading Company Ltd,Colaghty Orchard,B,R2929,R2929B,12/06/2024,P1290,Final report sent,Smartfresh Air,Rockit (TM) (996),Rockit (TM) (996),27,11090.92,9908.64,550.48,0,0,1182.28,65.68222157,9908.64,349.992,41999.04
Pre-sized,Rockit Trading Company Ltd,Longacre Orchard,B1,R2219,R2219B,12/06/2024,PE1158,Final report sent,Smartfresh Air,Rockit (TM) (996),Rockit (TM) (996),8,2880,2880,160,0,0,0,0,2880,0,0
Pre-sized,Rockit Trading Company Ltd,Rockit Manzana,,R2879,R2879A,10/04/2024,PE1088,Final report sent,Smartfresh Air,Rockit (TM) (996),Rockit (TM) (996),35,12600,12600,700,0,0,0,0,12600,0,0
Orchard pick,Rockit Trading Company Ltd,Dartmoor,DR1,R2851,R2851A,11/04/2024,P1145,Final report sent,Smartfresh Air,Rockit (TM) (996),Rockit (TM) (996),10,4320.56,3880.28,215.571,0,0,440.28,24.45999976,3880.28,0,0
Orchard pick,Rockit Trading Company Ltd,Colaghty Orchard,A,R2929,R2929A,10/06/2024,P1284,Final report sent,Smartfresh Air,Rockit (TM) (996),Rockit (TM) (996),52,21780.968,19325.808,1073.656,0,0,2455.16,136.3977764,19325.808,1363.68,163641.6
Orchard pick,Rockit Trading Company Ltd,Korokipo Verries,KVR1,R2872,R2872B,8/08/2024,P1405,Final report sent,Smartfresh Air,Rockit (TM) (996),Rockit (TM) (996),20,8150.436,6077.196,337.622,0,0,2073.24,115.1799988,6077.196,185.832,22299.84
Pre-sized,Rockit Trading Company Ltd,Moa Apples,,R1626,R1626A,26/07/2024,PE1181,Done,Smartfresh Air,Rockit (TM) (996),Rockit (TM) (996),69,23760,23760,1320,0,0,0,0,23760,720,86400
Orchard pick,Rockit Trading Company Ltd,Rockit Manahi,F2,R2880,R2880F,11/04/2024,P1151,Final report sent,Smartfresh Air,Rockit (TM) (996),Rockit (TM) (996),28,11298.96,9894.48,549.6929904,0,0,1404.48,78.02666589,9894.48,390.096,46811.52
Orchard pick,Rockit Trading Company Ltd,MANZANA 2,C,R2925,R2925C,7/08/2024,P1399,Final report sent,Smartfresh Air,Rockit (TM) (996),Rockit (TM) (996),33,14441.012,11787.012,654.834,0,0,2654,147.444443,11787.012,0,0
Orchard pick,Rockit Trading Company Ltd,Crown,B1,R2924,R2924B,17/08/2024,P1411,Final report sent,Smartfresh Air,Rockit (TM) (996),Rockit (TM) (996),85,35919.06,29047.86,1613.77,0,0,6871.2,381.7333295,29047.86,0,0
Pre-sized,Rockit Trading Company Ltd,Rockit Manzana,,R2879,R2879C,10/07/2024,PE1175,Final report sent,Smartfresh Air,Rockit (TM) (996),Rockit (TM) (996),136,48960,48960,2720,0,0,0,0,48960,19440,3547800
Pre-sized,Rockit Trading Company Ltd,Springhill East,30,R2949,R2949M,11/06/2024,PE1148,Final report sent,Smartfresh Air,Rockit (TM) (996),Rockit (TM) (996),125,45000,45000,2500,0,0,0,0,45000,0,0
Orchard pick,Rockit Trading Company Ltd,Rockit Manahi,,R2880,R2880B,9/07/2024,P1345,Final report sent,Smartfresh Air,Rockit (TM) (996),Rockit (TM) (996),202,81193.78,70789.86,3932.77,0,0,10403.92,577.9955498,70789.86,25849.08,4949297.1
Orchard pick,Rockit Trading Company Ltd,Rockit Manzana,,R2879,R2879A,10/04/2024,P1141,Final report sent,Smartfresh Air,Rockit (TM) (996),Rockit (TM) (996),64,28233.706,24395.106,1355.282563,0,0,3838.6,213.2555534,24395.106,6732.726,1240037.82
Orchard pick,Rockit Trading Company Ltd,Springhill East,37,R2949,R2949T,25/07/2024,P1380,Final report sent,Smartfresh Air,Rockit (TM) (996),Rockit (TM) (996),74,33533.432,30067.632,1670.424,0,0,3465.8,192.5444425,30067.632,197.964,23755.68
Orchard pick,Rockit Trading Company Ltd,Valley,,R2919,R2919C,30/03/2024,P1118,Final report sent,Smartfresh Air,Rockit (TM) (996),Rockit (TM) (996),133,56613.508,48856.308,2714.237901,0,0,7757.2,430.9555512,48856.308,1805.244,216629.28
Orchard pick,Rockit Trading Company Ltd,Rockit Manzana,,R2879,R2879C,10/07/2024,P1346,Final report sent,Smartfresh Air,Rockit (TM) (996),Rockit (TM) (996),137,58330.504,51128.424,2840.468,0,0,7202.08,400.1155516,51128.424,19749.78,3606049.8
Pre-sized,Rockit Trading Company Ltd,Rangi2,A,R2901,R2901A,7/08/2024,PE1189,Final report sent,Smartfresh Air,Rockit (TM) (996),Rockit (TM) (996),15,5400,5400,300,0,0,0,0,5400,0,0
Pre-sized,Rockit Trading Company Ltd,Pioneer,C1,R1580,R1580C,2/06/2024,PE1144,Final report sent,Smartfresh Air,Rockit (TM) (996),Rockit (TM) (996),42,15120,15120,840,0,0,0,0,15120,5760,1123200
Pre-sized,Rockit Trading Company Ltd,Valley,,R2919,R2919A,4/05/2024,PE1125,Final report sent,Smartfresh Air,Rockit (TM) (996),Rockit (TM) (996),47,16920,16920,940,0,0,0,0,16920,6480,1263600
Pre-sized,Rockit Trading Company Ltd,Valley,,R2919,R2919E,19/06/2024,PE1161,Done,Smartfresh Air,Rockit (TM) (996),Rockit (TM) (996),88,32040,32040,1780,0,0,0,0,32040,12240,2305800
Pre-sized,Rockit Trading Company Ltd,Longacre Orchard,,R2219,R2219A,26/08/2024,PE1210,Final report sent,Smartfresh CA,Rockit (TM) (996),Rockit (TM) (996),53,19080,19080,1060,0,0,0,0,19080,0,0
Orchard pick,Rockit Trading Company Ltd,Mana2,B2,R2927,R2927B,19/08/2024,P1412,Final report sent,Smartfresh CA,Rockit (TM) (996),Rockit (TM) (996),54,23511.3,18341.1,1018.95,0,0,5170.2,287.2333305,18341.1,189,22680
Orchard pick,Rockit Trading Company Ltd,Valley,,R2919,R2919E,19/06/2024,P1303,Final report sent,Smartfresh Air,Rockit (TM) (996),Rockit (TM) (996),90,38034.26,33932.34,1885.13,0,0,4101.92,227.8844422,33932.34,13030.668,2402159.76
Pre-sized,Rockit Trading Company Ltd,Crown,A2,R2924,R2924A,25/07/2024,PE1178,Done,Smartfresh Air,Rockit (TM) (996),Rockit (TM) (996),209,75600,75600,4200,0,0,0,0,75600,1440,172800
Pre-sized,Rockit Trading Company Ltd,Rangi2,C,R2901,R2901C,12/06/2024,PE1152,Final report sent,Smartfresh Air,Rockit (TM) (996),Rockit (TM) (996),76,27360,27360,1520,0,0,0,0,27360,0,0
Orchard pick,Rockit Trading Company Ltd,MANZANA 2,A,R2925,R2925A,10/04/2024,P1140,Final report sent,Smartfresh Air,Rockit (TM) (996),Rockit (TM) (996),53,22725.947,18759.587,1042.198477,0,0,3966.36,220.3533311,18759.587,7446.482,1371603.54
Pre-sized,Rockit Trading Company Ltd,Korokipo Verries,KVR4,R2872,R2872J,7/08/2024,PE1188,Final report sent,Smartfresh Air,Rockit (TM) (996),Rockit (TM) (996),28,10080,10080,560,0,0,0,0,10080,0,0
Pre-sized,Rockit Trading Company Ltd,Rockit Manahi,F2,R2880,R2880F,25/06/2024,PE1166,Done,Smartfresh Air,Rockit (TM) (996),Rockit (TM) (996),101,37080,37080,2060,0,0,0,0,37080,14040,2656800
Pre-sized,Rockit Trading Company Ltd,Valley,,R2919,R2919E,26/08/2024,PE1218,Final report sent,Smartfresh Air,Rockit (TM) (996),Rockit (TM) (996),2,720,720,40,0,0,0,0,720,0,0
Orchard pick,Rockit Trading Company Ltd,Waipatu,WPR2,R2873,R2873B,6/08/2024,P1393,Final report sent,Smartfresh Air,Rockit (TM) (996),Rockit (TM) (996),48,20171.252,17511.732,972.874,0,0,2659.52,147.7511096,17511.732,327.96,39355.2
Pre-sized,Rockit Trading Company Ltd,Steel,A,R1149,R1149A,12/04/2024,PE1095,Final report sent,Smartfresh Air,Rockit (TM) (996),Rockit (TM) (996),25,9000,9000,500,0,0,0,0,9000,0,0
Pre-sized,Rockit Trading Company Ltd,Dartmoor,DR5,R2851,R2851I,16/08/2024,PE1196,Final report sent,Smartfresh Air,Rockit (TM) (996),Rockit (TM) (996),79,28440,28440,1580,0,0,0,0,28440,1080,129600
Pre-sized,Rockit Trading Company Ltd,Crown,B2,R2924,R2924B,26/08/2024,PE1219,Final report sent,Smartfresh Air,Rockit (TM) (996),Rockit (TM) (996),2,720,720,40,0,0,0,0,720,0,0
Pre-sized,Rockit Trading Company Ltd,Sunvalley Orchard,WEST,R2732,R2732A,27/08/2024,PE1212,Final report sent,Smartfresh CA,Rockit (TM) (996),Rockit (TM) (996),48,17280,17280,960,0,0,0,0,17280,0,0
Orchard pick,Rockit Trading Company Ltd,Pioneer,C1,R1580,R1580C,4/09/2024,P1452,Done,Smartfresh Air,Rockit (TM) (996),Rockit (TM) (996),14,5550.452,3640.932,202.274,0,0,1909.52,106.0844434,3640.932,2100.24,409546.8
Orchard pick,Rockit Trading Company Ltd,Korokipo Verries,KVR4,R2872,R2872J,7/08/2024,P1397,Final report sent,Smartfresh Air,Rockit (TM) (996),Rockit (TM) (996),29,12512.388,10297.188,572.066,0,0,2215.2,123.0666654,10297.188,207.936,24952.32
Orchard pick,Rockit Trading Company Ltd,Riverside Apples,,R1021,R1021B,26/08/2024,P1429,Final report sent,Smartfresh CA,Rockit (TM) (996),Rockit (TM) (996),46,20042.928,17027.928,945.996,0,0,3015,167.4999983,17027.928,360.144,43217.28
Orchard pick,Rockit Trading Company Ltd,Mana1,A2,R2926,R2926A,11/06/2024,P1282,Final report sent,Smartfresh Air,Rockit (TM) (996),Rockit (TM) (996),18,7498.508,6266.268,348.126,0,0,1232.24,68.45777709,6266.268,0,0
Orchard pick,Rockit Trading Company Ltd,Pioneer,,R1580,R1580A,1/06/2024,P1255,Final report sent,Smartfresh Air,Rockit (TM) (996),Rockit (TM) (996),36,15005.38,13095.9,727.55,0,0,1909.48,106.0822212,13095.9,4842.612,879971.04
Orchard pick,Rockit Trading Company Ltd,Raukawa,,R1232,R1232A,12/06/2024,P1287,Final report sent,Smartfresh Air,Rockit (TM) (996),Rockit (TM) (996),31,12872.868,11278.188,626.566,0,0,1594.68,88.59333245,11278.188,1050.228,126027.36
Pre-sized,Rockit Trading Company Ltd,Dartmoor,DR4,R2851,R2851G,12/04/2024,PE1093,Final report sent,Smartfresh Air,Rockit (TM) (996),Rockit (TM) (996),23,8280,8280,460,0,0,0,0,8280,0,0
Orchard pick,Rockit Trading Company Ltd,HAU,,R2776,R2776A,18/06/2024,P1301,Final report sent,Smartfresh Air,Rockit (TM) (996),Rockit (TM) (996),217,90852.82,78340.5,4352.25,0,0,12512.32,695.1288819,78340.5,29658.456,5683399.02
Orchard pick,Rockit Trading Company Ltd,Rockit Manzana,D1,R2879,R2879D,12/04/2024,P1152,Final report sent,Smartfresh Air,Rockit (TM) (996),Rockit (TM) (996),28,12422.402,10180.482,565.5822567,0,0,2241.92,124.5511099,10180.482,456.558,54786.96
Pre-sized,Rockit Trading Company Ltd,Longlands,C1,R2329,R2329C,11/06/2024,PE1149,Final report sent,Smartfresh Air,Rockit (TM) (996),Rockit (TM) (996),24,8640,8640,480,0,0,0,0,8640,0,0
Orchard pick,Rockit Trading Company Ltd,Longlands,,R2329,R2329A,1/07/2024,P1331,Final report sent,Smartfresh Air,Rockit (TM) (996),Rockit (TM) (996),147,59098.032,49840.632,2768.924,0,0,9257.4,514.2999949,49840.632,19310.544,2827241.28
Pre-sized,Rockit Trading Company Ltd,Valley,,R2919,R2919C,30/03/2024,PE1078,Final report sent,Smartfresh Air,Rockit (TM) (996),Rockit (TM) (996),132,47520,47520,2640,0,0,0,0,47520,0,0
Orchard pick,Rockit Trading Company Ltd,Rockit Manzana,,R2879,R2879B,19/08/2024,P1413,Final report sent,Smartfresh CA,Rockit (TM) (996),Rockit (TM) (996),39,16592.356,13785.156,765.842,0,0,2807.2,155.955554,13785.156,360.036,43204.32
Pre-sized,Rockit Trading Company Ltd,Rockit Manzana,D2,R2879,R2879D,6/08/2024,PE1185,Final report sent,Smartfresh Air,Rockit (TM) (996),Rockit (TM) (996),39,14040,14040,780,0,0,0,0,14040,360,43200
Pre-sized,Rockit Trading Company Ltd,Sim2,A1,R2886,R2886A,12/04/2024,PE1098,Final report sent,Smartfresh Air,Rockit (TM) (996),Rockit (TM) (996),28,10080,10080,560,0,0,0,0,10080,0,0
Pre-sized,Rockit Trading Company Ltd,Valley,,R2919,R2919E,26/06/2024,PE1170,Final report sent,Smartfresh Air,Rockit (TM) (996),Rockit (TM) (996),73,26280,26280,1460,0,0,0,0,26280,10080,1884600
Orchard pick,Rockit Trading Company Ltd,MANZANA 2,C,R2925,R2925C,30/05/2024,P1247,Final report sent,Smartfresh Air,Rockit (TM) (996),Rockit (TM) (996),74,31324.769,25636.809,1424.267808,0,0,5687.96,315.9977746,25636.809,10095.912,1894064.04
Pre-sized,Rockit Trading Company Ltd,Rockit Manahi,,R2880,R2880B,10/07/2024,PE1174,Final report sent,Smartfresh Air,Rockit (TM) (996),Rockit (TM) (996),201,72360,72360,4020,0,0,0,0,72360,26280,5043600
Pre-sized,Rockit Trading Company Ltd,Longlands,C1,R2329,R2329C,23/08/2024,PE1206,Final report sent,Smartfresh Air,Rockit (TM) (996),Rockit (TM) (996),13,4680,4680,260,0,0,0,0,4680,0,0
Orchard pick,Rockit Trading Company Ltd,Crown,B2,R2924,R2924B,31/05/2024,P1250,Final report sent,Smartfresh Air,Rockit (TM) (996),Rockit (TM) (996),42,18063.112,16438.032,913.224,0,0,1625.08,90.28222132,16438.032,6038.784,1079280.18
Orchard pick,Rockit Trading Company Ltd,Rangi2,B,R2901,R2901B,25/06/2024,P1318,Final report sent,Smartfresh Air,Rockit (TM) (996),Rockit (TM) (996),93,38596.656,32341.536,1796.752,0,0,6255.12,347.5066632,32341.536,11409.012,2206508.04
Pre-sized,Rockit Trading Company Ltd,MANZANA 2,B,R2925,R2925B,24/06/2024,PE1163,Final report sent,Smartfresh Air,Rockit (TM) (996),Rockit (TM) (996),53,19080,19080,1060,0,0,0,0,19080,7200,1323000
Pre-sized,Rockit Trading Company Ltd,Karaua,ROCK1,R2934,R2934F,8/08/2024,PE1192,Final report sent,Smartfresh Air,Rockit (TM) (996),Rockit (TM) (996),11,3960,3960,220,0,0,0,0,3960,0,0
Pre-sized,Rockit Trading Company Ltd,Steel,C,R1149,R1149C,23/08/2024,PE1203,Final report sent,Smartfresh CA,Rockit (TM) (996),Rockit (TM) (996),33,11880,11880,660,0,0,0,0,11880,0,0
Orchard pick,Rockit Trading Company Ltd,Steel,C,R1149,R1149C,23/08/2024,P1421,Final report sent,Smartfresh CA,Rockit (TM) (996),Rockit (TM) (996),22,9971.96,7310.16,406.12,0,0,2661.8,147.8777763,7310.16,0,0
Orchard pick,Rockit Trading Company Ltd,Dartmoor,DR4,R2851,R2851G,5/09/2024,P1456,Labelling,Smartfresh Air,Rockit (TM) (996),Rockit (TM) (996),9,2197.516,1820.196,101.122,0,0,377.32,20.96222201,1820.196,0,0
Orchard pick,Rockit Trading Company Ltd,Rangi2,A,R2901,R2901A,7/08/2024,P1398,Final report sent,Smartfresh Air,Rockit (TM) (996),Rockit (TM) (996),17,6871.772,5704.452,316.914,0,0,1167.32,64.85111046,5704.452,0,0
Orchard pick,Rockit Trading Company Ltd,Wharerangi,A1,R1936,R1936A,3/05/2024,P1197,Final report sent,Smartfresh Air,Rockit (TM) (996),Rockit (TM) (996),61,25274.182,21998.142,1222.115238,0,0,3276.04,182.0022204,21998.142,8096.07,1515724.2
Orchard pick,Rockit Trading Company Ltd,Knight Road Horticulture,A,R2958,R2958D,6/08/2024,P1395,Final report sent,Smartfresh Air,Rockit (TM) (996),Rockit (TM) (996),34,14296.436,12081.276,671.182,0,0,2215.16,123.0644432,12081.276,962.568,115508.16
Pre-sized,Rockit Trading Company Ltd,Pioneer,,R1580,R1580B,2/06/2024,PE1142,Final report sent,Smartfresh Air,Rockit (TM) (996),Rockit (TM) (996),49,17640,17640,980,0,0,0,0,17640,6480,1263600
Pre-sized,Rockit Trading Company Ltd,Tubbies Orchard,B,R2943,R2943A,8/08/2024,PE1193,Final report sent,Smartfresh Air,Rockit (TM) (996),Rockit (TM) (996),16,5760,5760,320,0,0,0,0,5760,0,0
Orchard pick,Rockit Trading Company Ltd,Pioneer,,R1580,R1580B,1/06/2024,P1254,Final report sent,Smartfresh Air,Rockit (TM) (996),Rockit (TM) (996),57,23580.126,20868.286,1159.349,0,0,2711.84,150.6577763,20868.286,8000.424,1438874.28
Orchard pick,Rockit Trading Company Ltd,Rockit Manzana,A1,R2879,R2879A,19/08/2024,P1414,Final report sent,Smartfresh CA,Rockit (TM) (996),Rockit (TM) (996),12,6047.56,4730.76,262.82,0,0,1316.8,73.15555482,4730.76,174.924,20990.88
Pre-sized,Rockit Trading Company Ltd,Korokipo Verries,KVR3,R2872,R2872H,7/08/2024,PE1187,Final report sent,Smartfresh Air,Rockit (TM) (996),Rockit (TM) (996),20,7200,7200,400,0,0,0,0,7200,0,0
Pre-sized,Rockit Trading Company Ltd,Raukawa,B4,R1232,R1232B,23/08/2024,PE1207,Final report sent,Smartfresh CA,Rockit (TM) (996),Rockit (TM) (996),24,8640,8640,480,0,0,0,0,8640,0,0
Orchard pick,Rockit Trading Company Ltd,Rockit Manzana,C1,R2879,R2879C,24/06/2024,P1315,Final report sent,Smartfresh Air,Rockit (TM) (996),Rockit (TM) (996),13,5646.492,4857.372,269.854,0,0,789.12,43.83999956,4857.372,1714.32,321921
Orchard pick,Rockit Trading Company Ltd,Rockit Manzana,B3,R2879,R2879B,4/09/2024,P1451,Done,Smartfresh Air,Rockit (TM) (996),Rockit (TM) (996),20,8072.388,5552.028,308.446,0,0,2520.36,140.0199986,5552.028,3451.824,646850.88
Orchard pick,Rockit Trading Company Ltd,Riverside Apples,,R1021,R1021A,26/08/2024,P1430,Final report sent,Smartfresh CA,Rockit (TM) (996),Rockit (TM) (996),36,15863.336,13476.096,748.672,0,0,2387.24,132.6244431,13476.096,352.116,42253.92
Pre-sized,Rockit Trading Company Ltd,HAU,,R2776,R2776A,19/06/2024,PE1160,Final report sent,Smartfresh Air,Rockit (TM) (996),Rockit (TM) (996),220,79200,79200,4400,0,0,0,0,79200,30240,5815800
Pre-sized,Rockit Trading Company Ltd,Rockit Manahi,,R2880,R2880A,8/07/2024,PE1173,Final report sent,Smartfresh Air,Rockit (TM) (996),Rockit (TM) (996),236,84960,84960,4720,0,0,0,0,84960,30960,5713200
Pre-sized,Rockit Trading Company Ltd,Steel,A,R1149,R1149A,23/08/2024,PE1202,Final report sent,Smartfresh CA,Rockit (TM) (996),Rockit (TM) (996),45,16200,16200,900,0,0,0,0,16200,0,0
Orchard pick,Rockit Trading Company Ltd,MANZANA 2,B,R2925,R2925B,11/04/2024,P1149,Final report sent,Smartfresh Air,Rockit (TM) (996),Rockit (TM) (996),21,9579.268,8449.308,469.4056904,0,0,1129.96,62.77555493,8449.308,390.096,46811.52
Pre-sized,Rockit Trading Company Ltd,Mana1,A2,R2926,R2926A,11/06/2024,PE1151,Final report sent,Smartfresh Air,Rockit (TM) (996),Rockit (TM) (996),16,5760,5760,320,0,0,0,0,5760,0,0
Orchard pick,Rockit Trading Company Ltd,MANZANA 2,A,R2925,R2925A,7/08/2024,P1401,Final report sent,Smartfresh Air,Rockit (TM) (996),Rockit (TM) (996),18,7745.592,5830.632,323.924,0,0,1914.96,106.3866656,5830.632,345.024,41402.88
Orchard pick,Rockit Trading Company Ltd,Rockit Manzana,D1,R2879,R2879D,31/05/2024,P1252,Final report sent,Smartfresh Air,Rockit (TM) (996),Rockit (TM) (996),25,10887.67,9378.43,521.024,0,0,1509.24,83.84666583,9378.43,3697.2,705240
Orchard pick,Rockit Trading Company Ltd,Crown,A2,R2924,R2924A,31/05/2024,P1251,Final report sent,Smartfresh Air,Rockit (TM) (996),Rockit (TM) (996),92,38353.129,34159.849,1897.769474,0,0,4193.28,232.9599977,34159.849,13292.568,2539530.36
Pre-sized,Rockit Trading Company Ltd,Te Aute Road North,,R1233,R1233A,4/05/2024,PE1126,Final report sent,Smartfresh Air,Rockit (TM) (996),Rockit (TM) (996),26,9360,9360,520,0,0,0,0,9360,5400,1053000
Orchard pick,Rockit Trading Company Ltd,Moa Apples,,R1626,R1626A,25/07/2024,P1382,Final report sent,Smartfresh Air,Rockit (TM) (996),Rockit (TM) (996),61,27727.98,24736.5,1374.25,0,0,2991.48,166.1933317,24736.5,856.332,102759.84
Pre-sized,Rockit Trading Company Ltd,MANZANA 2,A,R2925,R2925A,8/08/2024,PE1191,Final report sent,Smartfresh Air,Rockit (TM) (996),Rockit (TM) (996),15,5400,5400,300,0,0,0,0,5400,360,43200
Orchard pick,Rockit Trading Company Ltd,Paki Paki,PPRK1,R2786,R2786A,24/06/2024,P1316,Final report sent,Smartfresh Air,Rockit (TM) (996),Rockit (TM) (996),30,12048.328,9793.448,544.0801286,0,0,2254.88,125.2711099,9793.448,2887.272,556492.14
Pre-sized,Rockit Trading Company Ltd,Steel,B,R1149,R1149B,5/09/2024,PE1228,Done,Smartfresh Air,Rockit (TM) (996),Rockit (TM) (996),11,3960,3960,220,0,0,0,0,3960,360,70200
Pre-sized,Rockit Trading Company Ltd,Valley,B1,R2919,R2919B,12/06/2024,PE1157,Final report sent,Smartfresh Air,Rockit (TM) (996),Rockit (TM) (996),12,4320,4320,240,0,0,0,0,4320,0,0
Orchard pick,Rockit Trading Company Ltd,Valley,A1,R2919,R2919A,2/06/2024,P1257,Final report sent,Smartfresh Air,Rockit (TM) (996),Rockit (TM) (996),32,13405.828,11453.148,636.286,0,0,1952.68,108.4822211,11453.148,4389.48,789269.4
Pre-sized,Rockit Trading Company Ltd,Sunvalley Orchard,NORTH,R2732,R2732A,26/07/2024,PE1182,Done,Smartfresh Air,Rockit (TM) (996),Rockit (TM) (996),251,101880,101880,5660,0,0,0,0,101880,5040,604800
Orchard pick,Rockit Trading Company Ltd,Tubbies Orchard,B,R2943,R2943A,8/08/2024,P1403,Final report sent,Smartfresh Air,Rockit (TM) (996),Rockit (TM) (996),19,8285.412,7136.532,396.474,0,0,1148.88,63.82666603,7136.532,613.008,73560.96
Pre-sized,Rockit Trading Company Ltd,Longlands,,R2329,R2329D,12/06/2024,PE1153,Final report sent,Smartfresh Air,Rockit (TM) (996),Rockit (TM) (996),32,11520,11520,640,0,0,0,0,11520,0,0
Orchard pick,Rockit Trading Company Ltd,Valley,,R2919,R2919C,31/05/2024,P1253,Final report sent,Smartfresh Air,Rockit (TM) (996),Rockit (TM) (996),108,44630.744,39154.824,2175.268,0,0,5475.92,304.2177747,39154.824,14767.056,2708590.32
,,,,,,,,,,,,,,,,,,,,,,
