BinSource,ContractVendor,Orchard,OrchardBlock,OrchardPIN,OrchardProdSite,PackDate,Run,RunState,StorageType,Bins,KGsTotal,KGsExport,TCEsExport,KGsLocal,TCEsLocal,KGsProcess,TCEsProcess,KGsNonProcess,AvgSizeDenominator,AvgSizeNumerator
Pre-sized,Rockit Trading Company Ltd,Lawn Road,C1,R2917,R2917C,2/10/2024,PE1300,Final report sent,Smartfresh CA,56,20160,20160,1120,0,0,0,0,20160,720,86400
Pre-sized,Rockit Trading Company Ltd,Dartmoor,DR7,R2851,R2851M,11/04/2024,PE1089,Final report sent,Smartfresh Air,52,18720,18720,1040,0,0,0,0,18720,0,0
Orchard pick,Rockit Trading Company Ltd,Home Block,E8,R1230,R1230E,7/09/2024,P1460,Final report sent,Smartfresh CA,12,4791.868,3640.428,202.246,0,0,1151.44,63.96888825,3640.428,0,0
Orchard pick,Rockit Trading Company Ltd,Rockit Manahi,C,R2880,R2880C,7/09/2024,P1464,Final report sent,Smartfresh CA,99,42355.084,32419.044,1801.058,0,0,9936.04,552.0022167,32419.044,205.02,24602.4
Orchard pick,Rockit Trading Company Ltd,Rockit Manzana,,R2879,R2879D,17/10/2024,P1584,Final report sent,Smartfresh CA,79,35148.556,29358.756,1631.041998,0,0,5789.8,321.6555523,29358.756,13445.244,2362847.4
Pre-sized,Rockit Trading Company Ltd,Springhill East,37,R2949,R2949T,26/07/2024,PE1180,Final report sent,Smartfresh Air,82,29520,29520,1640,0,0,0,0,29520,0,0
Orchard pick,Rockit Trading Company Ltd,Rockit Manahi,C,R2880,R2880C,17/09/2024,P1486,Final report sent,Smartfresh CA,6,2435.464,1890.504,105.028,0,0,544.96,30.27555525,1890.504,0,0
Orchard pick,Rockit Trading Company Ltd,Mana2,,R2927,R2927B,27/08/2024,P1431,Final report sent,Smartfresh CA,26,10787.908,8493.228,471.846,0,0,2294.68,127.4822209,8493.228,0,0
Orchard pick,Rockit Trading Company Ltd,Valley,,R2919,R2919E,4/10/2024,P1549,Final report sent,Smartfresh CA,31,12226.412,8999.932,499.9962221,0,0,3226.48,179.2488871,8999.932,3588.412,646169.32
Orchard pick,Rockit Trading Company Ltd,Karaua,ROCK1,R2934,R2934F,7/08/2024,P1402,Final report sent,Smartfresh Air,14,5449.22,4274.82,237.49,0,0,1174.4,65.24444379,4274.82,119.664,14359.68
Pre-sized,Rockit Trading Company Ltd,Rockit Manzana,,R2879,R2879D,18/10/2024,PE1325,Final report sent,Smartfresh CA,65,23400,23400,1300,0,0,0,0,23400,9720,1814400
Orchard pick,Rockit Trading Company Ltd,Lobb,B,R2899,R2899B,25/09/2024,P1515,Final report sent,Smartfresh CA,54,23719.424,17691.624,982.868,0,0,6027.8,334.8777744,17691.624,210.42,25250.4
Orchard pick,Rockit Trading Company Ltd,Dartmoor,DR3,R2851,R2851E,15/08/2024,P1409,Final report sent,Smartfresh Air,52,22180.184,18931.104,1051.728,0,0,3249.08,180.5044426,18931.104,454.536,54544.32
Pre-sized,Rockit Trading Company Ltd,ROCKIT Omahu,A1,R2724,R2724A,2/10/2024,PE1301,Final report sent,Smartfresh CA,52,18720,18720,1040,0,0,0,0,18720,0,0
Pre-sized,Rockit Trading Company Ltd,MANZANA 2,C,R2925,R2925C,7/08/2024,PE1190,Final report sent,Smartfresh Air,32,11520,11520,640,0,0,0,0,11520,0,0
Orchard pick,Rockit Trading Company Ltd,Steel,D,R1149,R1149D,23/08/2024,P1422,Final report sent,Smartfresh CA,17,7044.872,5239.512,291.084,0,0,1805.36,100.2977768,5239.512,0,0
Orchard pick,Rockit Trading Company Ltd,Rockit Manahi,C,R2880,R2880C,28/09/2024,P1524,Final report sent,Smartfresh CA,121,51465.892,38351.052,2130.614,0,0,13114.84,728.6022149,38351.052,354.996,42599.52
Orchard pick,Rockit Trading Company Ltd,Steel,C,R1149,R1149C,14/10/2024,P1574,Final report sent,Smartfresh CA,132,56649.448,46380.808,2576.711552,0,0,10268.64,570.4799943,46380.808,21442.528,3765615.28
Orchard pick,Rockit Trading Company Ltd,Rockit Manahi,D,R2880,R2880D,17/09/2024,P1487,Final report sent,Smartfresh CA,11,4434.504,3397.464,188.748,0,0,1037.04,57.61333276,3397.464,0,0
Orchard pick,Rockit Trading Company Ltd,Waipatu,WPR3,R2873,R2873C,26/09/2024,P1520,Final report sent,Smartfresh CA,76,32964.056,27683.496,1537.972,0,0,5280.56,293.3644415,27683.496,295.2,35424
Orchard pick,Rockit Trading Company Ltd,Rockit Manzana,,R2879,R2879B,27/09/2024,P1522,Final report sent,Smartfresh CA,64,27635.792,20821.752,1156.764,0,0,6814.04,378.557774,20821.752,885.564,106267.68
Orchard pick,Rockit Trading Company Ltd,Rockit Manzana,C1,R2879,R2879C,11/04/2024,P1147,Final report sent,Smartfresh Air,21,9359.226,8417.466,467.6367085,0,0,941.76,52.31999948,8417.466,367.29,44074.8
Pre-sized,Rockit Trading Company Ltd,Springhill East,36,R2949,R2949S,24/07/2024,PE1177,Final report sent,Smartfresh Air,115,41400,41400,2300,0,0,0,0,41400,360,43200
Pre-sized,Rockit Trading Company Ltd,Korokipo Verries,KVR1,R2872,R2872B,5/09/2024,PE1229,Final report sent,Smartfresh Air,25,9000,9000,500,0,0,0,0,9000,360,43200
Pre-sized,Rockit Trading Company Ltd,Home Block,B,R1230,R1230B,16/09/2024,PE1265,Final report sent,Smartfresh CA,29,10440,10440,580,0,0,0,0,10440,0,0
Pre-sized,Rockit Trading Company Ltd,Lobb,A,R2899,R2899A,25/09/2024,PE1289,Final report sent,Smartfresh CA,100,36000,36000,2000,0,0,0,0,36000,0,0
Pre-sized,Rockit Trading Company Ltd,Home Block,C,R1230,R1230C,10/09/2024,PE1240,Final report sent,Smartfresh CA,90,32400,32400,1800,0,0,0,0,32400,0,0
Pre-sized,Rockit Trading Company Ltd,Valley,,R2919,R2919G,15/10/2024,PE1322,Final report sent,Smartfresh CA,94,33840,33840,1880,0,0,0,0,33840,12960,2365200
Orchard pick,Rockit Trading Company Ltd,Riverside Apples,,R1021,R1021A,12/10/2024,P1569,Final report sent,Smartfresh CA,30,12996.828,11178.548,621.0304439,0,0,1818.28,101.0155545,11178.548,4489.172,801410.6
Orchard pick,Rockit Trading Company Ltd,Springhill East,32,R2949,R2949O,23/07/2024,P1377,Final report sent,Smartfresh Air,130,55879.108,50382.108,2799.006,0,0,5497,305.3888858,50382.108,634.716,76165.92
Orchard pick,Rockit Trading Company Ltd,Valley,,R2919,R2919F,10/10/2024,P1564,Final report sent,Smartfresh CA,126,53516.04,44625,2479.166664,0,0,8891.04,493.9466617,44625,19638.048,3346289.58
Pre-sized,Rockit Trading Company Ltd,Colaghty Orchard,A,R2929,R2929A,26/08/2024,PE1214,Final report sent,Smartfresh Air,7,2520,2520,140,0,0,0,0,2520,0,0
Pre-sized,Rockit Trading Company Ltd,Pioneer,,R1580,R1580C,26/08/2024,PE1213,Final report sent,Smartfresh Air,5,1800,1800,100,0,0,0,0,1800,0,0
Pre-sized,Rockit Trading Company Ltd,Parkhill Orchard,PHRK,R2841,R2841A,25/09/2024,PE1275,Final report sent,Smartfresh CA,28,10080,10080,560,0,0,0,0,10080,0,0
Pre-sized,Rockit Trading Company Ltd,Valley,,R2919,R2919C,10/06/2024,PE1141,Final report sent,Smartfresh Air,86,30960,30960,1720,0,0,0,0,30960,13680,2586600
Pre-sized,Rockit Trading Company Ltd,Rockit STOCK ROADS,C1,R2534,R2534C,12/09/2024,PE1252,Final report sent,Smartfresh CA,74,26640,26640,1480,0,0,0,0,26640,0,0
Pre-sized,Rockit Trading Company Ltd,Steel,C,R1149,R1149C,18/09/2024,PE1272,Final report sent,Smartfresh CA,13,4680,4680,260,0,0,0,0,4680,0,0
Orchard pick,Rockit Trading Company Ltd,Valley,,R2919,R2919A,3/05/2024,P1200,Final report sent,Smartfresh Air,54,22526.518,19592.958,1088.495,0,0,2933.56,162.9755539,19592.958,7471.11,1362350.7
Orchard pick,Rockit Trading Company Ltd,Rockit Manahi,B2,R2880,R2880B,27/09/2024,P1521,Final report sent,Smartfresh CA,15,6312.944,5255.784,291.988,0,0,1057.16,58.73111052,5255.784,0,0
Pre-sized,Rockit Trading Company Ltd,Springhill East,30,R2949,R2949M,26/07/2024,PE1179,Final report sent,Smartfresh Air,90,32400,32400,1800,0,0,0,0,32400,720,86400
Orchard pick,Rockit Trading Company Ltd,Paki Paki,PPRK1,R2786,R2786A,17/09/2024,P1485,Final report sent,Smartfresh CA,56,24822.8,17684.64,982.48,0,0,7138.16,396.5644405,17684.64,119.988,14398.56
Pre-sized,Rockit Trading Company Ltd,Mana2,B2,R2927,R2927B,19/08/2024,PE1199,Final report sent,Smartfresh CA,50,18000,18000,1000,0,0,0,0,18000,0,0
Orchard pick,Rockit Trading Company Ltd,Valley,,R2919,R2919E,15/10/2024,P1580,Final report sent,Smartfresh CA,61,26635.624,22046.824,1224.823555,0,0,4588.8,254.9333308,22046.824,9760.42,1752009.28
Pre-sized,Rockit Trading Company Ltd,Crown,A2,R2924,R2924A,3/10/2024,PE1302,Final report sent,Smartfresh CA,50,18000,18000,1000,0,0,0,0,18000,0,0
Orchard pick,Rockit Trading Company Ltd,Sim2,A1,R2886,R2886A,11/04/2024,P1150,Final report sent,Smartfresh Air,29,13030.382,11199.982,622.2207785,0,0,1830.4,101.6888879,11199.982,279.09,33490.8
Pre-sized,Rockit Trading Company Ltd,Dartmoor,DR4,R2851,R2851G,5/09/2024,PE1231,Final report sent,Smartfresh Air,67,24120,24120,1340,0,0,0,0,24120,360,43200
Orchard pick,Rockit Trading Company Ltd,Raukawa,C3,R1232,R1232C,15/10/2024,P1578,Final report sent,Smartfresh CA,14,5947.048,5180.448,287.8026664,0,0,766.6,42.58888846,5180.448,2439.336,433395.66
Pre-sized,Rockit Trading Company Ltd,Crown,A2,R2924,R2924A,9/09/2024,PE1242,Final report sent,Smartfresh Air,13,4680,4680,260,0,0,0,0,4680,1800,351000
Orchard pick,Rockit Trading Company Ltd,Korokipo Verries,KVR3,R2872,R2872H,6/08/2024,P1396,Final report sent,Smartfresh Air,22,9006.604,7318.044,406.558,0,0,1688.56,93.80888795,7318.044,0,0
Pre-sized,Rockit Trading Company Ltd,HAU,A1,R2776,R2776A,10/10/2024,PE1308,Final report sent,Smartfresh CA,141,50760,50760,2820,0,0,0,0,50760,19440,3736800
Pre-sized,Rockit Trading Company Ltd,Napier Road South,B1,R2712,R2712B,17/09/2024,PE1270,Final report sent,Smartfresh CA,10,3600,3600,200,0,0,0,0,3600,0,0
Pre-sized,Rockit Trading Company Ltd,Waipatu,WPR2,R2873,R2873B,6/08/2024,PE1184,Final report sent,Smartfresh Air,48,17280,17280,960,0,0,0,0,17280,360,43200
Pre-sized,Rockit Trading Company Ltd,Rangi2,B,R2901,R2901B,26/06/2024,PE1168,Done,Smartfresh Air,89,31680,31680,1760,0,0,0,0,31680,11160,2176200
Pre-sized,Rockit Trading Company Ltd,Crown,A2,R2924,R2924A,26/08/2024,PE1215,Final report sent,Smartfresh Air,2,720,720,40,0,0,0,0,720,0,0
Orchard pick,Rockit Trading Company Ltd,Rockit STOCK ROADS,,R2534,R2534C,11/09/2024,P1469,Final report sent,Smartfresh CA,87,37162.332,27705.492,1539.194,0,0,9456.84,525.3799947,27705.492,0,0
Pre-sized,Rockit Trading Company Ltd,Mana1,A2,R2926,R2926A,26/08/2024,PE1216,Final report sent,Smartfresh Air,1,360,360,20,0,0,0,0,360,0,0
Orchard pick,Rockit Trading Company Ltd,Lowry Heretaunga,A1,R2946,R2946A,4/10/2024,P1551,Final report sent,Smartfresh CA,70,29307.708,24995.588,1388.643777,0,0,4312.12,239.5622198,24995.588,11032.736,1993280.84
Orchard pick,Rockit Trading Company Ltd,Sim1,C1,R2900,R2900C,11/04/2024,P1144,Final report sent,Smartfresh Air,16,6968.126,5779.806,321.0996435,0,0,1188.32,66.01777712,5779.806,869.19,104302.8
Orchard pick,Rockit Trading Company Ltd,Pioneer,C1,R1580,R1580C,2/06/2024,P1258,Final report sent,Smartfresh Air,52,21136.922,18428.962,1023.831,0,0,2707.96,150.4422207,18428.962,6851.916,1250838.72
Pre-sized,Rockit Trading Company Ltd,Lowry Heretaunga,B1,R2946,R2946B,13/10/2024,PE1315,Final report sent,Smartfresh CA,29,10440,10440,580,0,0,0,0,10440,3960,745200
Pre-sized,Rockit Trading Company Ltd,Sim1,B3,R2900,R2900B,12/04/2024,PE1090,Final report sent,Smartfresh Air,35,12600,12600,700,0,0,0,0,12600,0,0
Orchard pick,Rockit Trading Company Ltd,Longacre Orchard,B1,R2219,R2219B,12/06/2024,P1288,Final report sent,Smartfresh Air,15,6797.312,5972.112,331.784,0,0,825.2,45.84444399,5972.112,108.684,13042.08
Orchard pick,Rockit Trading Company Ltd,Valley,,R2919,R2919G,15/10/2024,P1581,Final report sent,Smartfresh CA,108,45765.08,38654.52,2147.473331,0,0,7110.56,395.0311072,38654.52,17108.016,2963473.26
Orchard pick,Rockit Trading Company Ltd,Dartmoor,DR7,R2851,R2851M,10/04/2024,P1142,Final report sent,Smartfresh Air,59,26221.654,23982.414,1332.355264,0,0,2239.24,124.402221,23982.414,927.99,111358.8
Pre-sized,Rockit Trading Company Ltd,Knight Road Horticulture,A,R2958,R2958D,7/08/2024,PE1186,Final report sent,Smartfresh Air,33,11880,11880,660,0,0,0,0,11880,720,86400
Orchard pick,Rockit Trading Company Ltd,HAU,A1,R2776,R2776A,10/10/2024,P1565,Final report sent,Smartfresh CA,41,16903.36,14880.16,826.6755548,0,0,2023.2,112.3999989,14880.16,6507.928,1187475.64
Orchard pick,Rockit Trading Company Ltd,Parkhill Orchard,PHRK,R2841,R2841A,12/10/2024,P1568,Final report sent,Smartfresh CA,26,11361.276,9355.476,519.7486662,0,0,2005.8,111.4333322,9355.476,3961.524,711262.56
Pre-sized,Rockit Trading Company Ltd,MANZANA 2,A,R2925,R2925A,24/06/2024,PE1162,Final report sent,Smartfresh Air,65,23400,23400,1300,0,0,0,0,23400,10440,1873800
Orchard pick,Rockit Trading Company Ltd,Home Block,A,R1230,R1230A,16/09/2024,P1482,Final report sent,Smartfresh CA,28,11468.188,8365.788,464.766,0,0,3102.4,172.3555538,8365.788,0,0
Pre-sized,Rockit Trading Company Ltd,Rangi2,C,R2901,R2901C,26/08/2024,PE1217,Final report sent,Smartfresh Air,4,1440,1440,80,0,0,0,0,1440,0,0
Pre-sized,Rockit Trading Company Ltd,Lowry Heretaunga,C1,R2946,R2946C,4/10/2024,PE1307,Final report sent,Smartfresh CA,62,22320,22320,1240,0,0,0,0,22320,7920,1490400
Pre-sized,Rockit Trading Company Ltd,Waipatu,WPR3,R2873,R2873C,14/09/2024,PE1256,Final report sent,Smartfresh CA,119,42840,42840,2380,0,0,0,0,42840,0,0
Orchard pick,Rockit Trading Company Ltd,Springhill East,36,R2949,R2949S,23/07/2024,P1378,Final report sent,Smartfresh Air,105,44993.184,40631.184,2257.288,0,0,4362,242.3333309,40631.184,337.644,40517.28
Pre-sized,Rockit Trading Company Ltd,MANZANA 2,B,R2925,R2925B,26/08/2024,PE1208,Final report sent,Smartfresh CA,55,19800,19800,1100,0,0,0,0,19800,0,0
Orchard pick,Rockit Trading Company Ltd,Rockit Manahi,F1,R2880,R2880F,12/09/2024,P1471,Final report sent,Smartfresh CA,40,16567.068,11574.468,643.026,0,0,4992.6,277.3666639,11574.468,350.28,42033.6
Orchard pick,Rockit Trading Company Ltd,Sunvalley Orchard,NORTH,R2732,R2732A,25/07/2024,P1383,Final report sent,Smartfresh Air,241,103222.344,89399.664,4966.648,0,0,13822.68,767.926659,89399.664,5737.752,688530.24
Orchard pick,Rockit Trading Company Ltd,Steel,C,R1149,R1149C,23/08/2024,P1423,Final report sent,Smartfresh CA,17,7584.88,5581.8,310.1,0,0,2003.08,111.2822211,5581.8,237.204,28464.48
Pre-sized,Rockit Trading Company Ltd,Rockit Manzana,B3,R2879,R2879B,5/09/2024,PE1227,Final report sent,Smartfresh Air,15,5400,5400,300,0,0,0,0,5400,3240,604800
Pre-sized,Rockit Trading Company Ltd,HAU,,R2776,R2776B,9/09/2024,PE1244,Final report sent,Smartfresh Air,4,1440,1440,80,0,0,0,0,1440,0,0
Orchard pick,Rockit Trading Company Ltd,Raukawa,B1,R1232,R1232B,14/10/2024,P1576,Final report sent,Smartfresh CA,62,26468.72,22400.68,1244.482221,0,0,4068.04,226.00222,22400.68,10322.104,1779518.98
Pre-sized,Rockit Trading Company Ltd,Valley,,R2919,R2919F,10/10/2024,PE1309,Final report sent,Smartfresh CA,109,39240,39240,2180,0,0,0,0,39240,14760,2635200
Pre-sized,Rockit Trading Company Ltd,Longlands,,R2329,R2329D,25/09/2024,PE1280,Final report sent,Smartfresh Air,1,360,360,20,0,0,0,0,360,0,0
Orchard pick,Rockit Trading Company Ltd,HAU,,R2776,R2776A,13/05/2024,P1221,Final report sent,Smartfresh Air,159,67887.672,58854.672,3269.704,0,0,9033,501.8333283,58854.672,22230.936,4241504.52
Orchard pick,Rockit Trading Company Ltd,Dartmoor,DR4,R2851,R2851G,11/04/2024,P1146,Final report sent,Smartfresh Air,21,9004.442,8432.442,468.4686965,0,0,572,31.77777746,8432.442,382.41,45889.2
Orchard pick,Rockit Trading Company Ltd,Steel,B,R1149,R1149B,5/09/2024,P1453,Final report sent,Smartfresh Air,15,6562.752,5146.272,285.904,0,0,1416.48,78.69333255,5146.272,913.068,162075.06
Orchard pick,Rockit Trading Company Ltd,HAU,,R2776,R2776B,1/07/2024,P1332,Final report sent,Smartfresh Air,369,159287.148,135402.948,7522.386,0,0,23884.2,1326.899987,135402.948,50199.156,9353976.12
Pre-sized,Rockit Trading Company Ltd,Rockit STOCK ROADS,C1,R2534,R2534C,7/09/2024,PE1236,Final report sent,Smartfresh CA,21,7560,7560,420,0,0,0,0,7560,0,0
Orchard pick,Rockit Trading Company Ltd,MANZANA 2,B,R2925,R2925B,24/06/2024,P1313,Final report sent,Smartfresh Air,57,25259.348,21036.588,1167.588,0,0,4222.76,234.5977754,21036.588,7302.276,1345182.12
Pre-sized,Rockit Trading Company Ltd,Sunvalley Orchard,NORTH,R2732,R2732A,6/09/2024,PE1232,Final report sent,Smartfresh Air,17,6120,6120,340,0,0,0,0,6120,0,0
Orchard pick,Rockit Trading Company Ltd,Home Block,A,R1230,R1230A,30/05/2024,P1248,Final report sent,Smartfresh Air,77,32112.178,28409.378,1578.299564,0,0,3702.8,205.7111091,28409.378,10372.068,2005977.96
Orchard pick,Rockit Trading Company Ltd,MANZANA 2,A,R2925,R2925A,24/06/2024,P1314,Final report sent,Smartfresh Air,82,34996.94,29033.74,1612.98545,0,0,5963.2,331.2888856,29033.74,10491.588,1873996.56
Pre-sized,Rockit Trading Company Ltd,HAU,A2,R2776,R2776A,26/06/2024,PE1169,Final report sent,Smartfresh Air,53,19080,19080,1060,0,0,0,0,19080,6840,1333800
Orchard pick,Rockit Trading Company Ltd,Longlands,,R2329,R2329D,11/06/2024,P1286,Final report sent,Smartfresh Air,51,21551.264,19392.264,1077.348,0,0,2159,119.9444432,19392.264,1979.496,237539.52
Orchard pick,Rockit Trading Company Ltd,Crown,,R2924,R2924A,24/07/2024,P1379,Final report sent,Smartfresh Air,196,83705.888,73509.048,4083.836,0,0,10196.84,566.4911054,73509.048,1400.148,168017.76
Pre-sized,Rockit Trading Company Ltd,Rockit STOCK ROADS,,R2534,R2534D,7/09/2024,PE1235,Final report sent,Smartfresh CA,60,21600,21600,1200,0,0,0,0,21600,0,0
Orchard pick,Rockit Trading Company Ltd,Steel,A,R1149,R1149A,6/09/2024,P1459,Final report sent,Smartfresh CA,50,21021.732,16366.932,909.274,0,0,4654.8,258.5999974,16366.932,0,0
Orchard pick,Rockit Trading Company Ltd,Rockit Manzana,C1,R2879,R2879C,11/05/2024,P1218,Final report sent,Smartfresh Air,49,20647.231,18012.831,1000.714705,0,0,2634.4,146.3555541,18012.831,7323.084,1368695.88
Pre-sized,Rockit Trading Company Ltd,Crown,B2,R2924,R2924B,25/09/2024,PE1282,Final report sent,Smartfresh Air,1,360,360,20,0,0,0,0,360,0,0
Orchard pick,Rockit Trading Company Ltd,Steel,A,R1149,R1149A,23/08/2024,P1420,Final report sent,Smartfresh CA,53,22128.648,16318.368,906.576,0,0,5810.28,322.7933301,16318.368,0,0
Orchard pick,Rockit Trading Company Ltd,Rockit Manahi,F2,R2880,R2880F,24/06/2024,P1317,Final report sent,Smartfresh Air,105,44114.014,37846.214,2102.011673,0,0,6267.8,348.2111076,37846.214,13623.048,2564613.36
Orchard pick,Rockit Trading Company Ltd,HAU,,R2776,R2776B,11/10/2024,P1566,Final report sent,Smartfresh CA,152,64065.108,55647.508,3091.528219,0,0,8417.6,467.6444398,55647.508,24632.86,4355563.96
Orchard pick,Rockit Trading Company Ltd,Sim2,A1,R2886,R2886A,13/09/2024,P1474,Final report sent,Smartfresh CA,51,21935.26,17185.86,954.77,0,0,4749.4,263.8555529,17185.86,237.6,28512
Pre-sized,Rockit Trading Company Ltd,Longlands,,R2329,R2329A,9/09/2024,PE1245,Final report sent,Smartfresh Air,1,360,360,20,0,0,0,0,360,0,0
Pre-sized,Rockit Trading Company Ltd,Rockit Manzana,,R2879,R2879C,25/09/2024,PE1287,Final report sent,Smartfresh Air,1,360,360,20,0,0,0,0,360,0,0
Orchard pick,Rockit Trading Company Ltd,Rangi2,C,R2901,R2901C,11/06/2024,P1285,Final report sent,Smartfresh Air,79,33022.264,28606.104,1589.228,0,0,4416.16,245.3422198,28606.104,0,0
Pre-sized,Rockit Trading Company Ltd,Mana2,,R2927,R2927B,27/08/2024,PE1225,Final report sent,Smartfresh CA,20,7200,7200,400,0,0,0,0,7200,0,0
Pre-sized,Rockit Trading Company Ltd,HAU,,R2776,R2776B,3/07/2024,PE1172,Done,Smartfresh Air,374,133560,133560,7420,0,0,0,0,133560,48960,9142200
Pre-sized,Rockit Trading Company Ltd,Colaghty Orchard,B,R2929,R2929B,12/06/2024,PE1156,Final report sent,Smartfresh Air,22,7920,7920,440,0,0,0,0,7920,0,0
Orchard pick,Rockit Trading Company Ltd,Rockit Manzana,B3,R2879,R2879B,4/09/2024,P1451,Final report sent,Smartfresh Air,20,8072.388,5552.028,308.446,0,0,2520.36,140.0199986,5552.028,3451.824,646850.88
Orchard pick,Rockit Trading Company Ltd,Steel,C,R1149,R1149C,17/09/2024,P1490,Final report sent,Smartfresh CA,14,6032.344,4990.464,277.248,0,0,1041.88,57.88222164,4990.464,0,0
Orchard pick,Rockit Trading Company Ltd,Springhill East,30,R2949,R2949M,10/06/2024,P1281,Final report sent,Smartfresh Air,141,58839.764,53446.644,2969.258,0,0,5393.12,299.6177748,53446.644,1050.264,126031.68
Orchard pick,Rockit Trading Company Ltd,Korokipo,KCR3,R2850,R2850E,12/10/2024,P1571,Final report sent,Smartfresh CA,52,21672.332,18645.412,1035.856221,0,0,3026.92,168.1622205,18645.412,8455.36,1491327.28
Pre-sized,Rockit Trading Company Ltd,Valley,A1,R2919,R2919A,2/06/2024,PE1145,Final report sent,Smartfresh Air,26,9360,9360,520,0,0,0,0,9360,3600,702000
Orchard pick,Rockit Trading Company Ltd,Lowry Heretaunga,B1,R2946,R2946B,13/10/2024,P1572,Final report sent,Smartfresh CA,32,13452.42,11747.06,652.6144439,0,0,1705.36,94.74222127,11747.06,4930.028,883071.56
Pre-sized,Rockit Trading Company Ltd,Sim1,C2,R2900,R2900C,18/09/2024,PE1274,Final report sent,Smartfresh CA,2,720,720,40,0,0,0,0,720,0,0
Pre-sized,Rockit Trading Company Ltd,Steel,D,R1149,R1149D,23/08/2024,PE1204,Final report sent,Smartfresh CA,14,5040,5040,280,0,0,0,0,5040,0,0
Orchard pick,Rockit Trading Company Ltd,Rockit STOCK ROADS,,R2534,R2534D,11/09/2024,P1470,Final report sent,Smartfresh CA,28,11405.4,8559.72,475.54,0,0,2845.68,158.0933318,8559.72,0,0
Orchard pick,Rockit Trading Company Ltd,Rockit Manzana,D2,R2879,R2879D,6/08/2024,P1394,Final report sent,Smartfresh Air,42,18016.924,13900.284,772.238,0,0,4116.64,228.7022199,13900.284,350.028,42003.36
Orchard pick,Rockit Trading Company Ltd,Raukawa,B3,R1232,R1232B,14/10/2024,P1575,Final report sent,Smartfresh CA,41,16719.828,14137.508,785.4171101,0,0,2582.32,143.4622208,14137.508,6921.452,1168712.78
Orchard pick,Rockit Trading Company Ltd,Rockit Manahi,,R2880,R2880A,8/07/2024,P1344,Final report sent,Smartfresh Air,232,93724.852,83351.772,4630.654,0,0,10373.08,576.2822165,83351.772,30471.768,5614098.66
Pre-sized,Rockit Trading Company Ltd,Parkhill Orchard,PHRK,R2841,R2841A,16/09/2024,PE1257,Final report sent,Smartfresh CA,46,16560,16560,920,0,0,0,0,16560,0,0
Pre-sized,Rockit Trading Company Ltd,Springhill East,32,R2949,R2949O,24/07/2024,PE1176,Final report sent,Smartfresh Air,141,50760,50760,2820,0,0,0,0,50760,360,43200
Pre-sized,Rockit Trading Company Ltd,Longlands,,R2329,R2329A,2/07/2024,PE1171,Done,Smartfresh Air,133,48960,48960,2720,0,0,0,0,48960,19080,2829600
Pre-sized,Rockit Trading Company Ltd,Rockit Manzana,C1,R2879,R2879C,24/06/2024,PE1164,Done,Smartfresh Air,10,3240,3240,180,0,0,0,0,3240,1080,210600
Pre-sized,Rockit Trading Company Ltd,Colaghty Orchard,A,R2929,R2929A,23/08/2024,PE1205,Final report sent,Smartfresh Air,3,1080,1080,60,0,0,0,0,1080,0,0
Pre-sized,Rockit Trading Company Ltd,Pioneer,,R1580,R1580C,12/06/2024,PE1154,Final report sent,Smartfresh Air,77,27720,27720,1540,0,0,0,0,27720,0,0
Orchard pick,Rockit Trading Company Ltd,Dartmoor,DR4,R2851,R2851G,11/05/2024,P1219,Final report sent,Smartfresh Air,50,20601.604,18282.564,1015.143872,0,0,2319.04,128.8355543,18282.564,8401.068,1559449.26
Orchard pick,Rockit Trading Company Ltd,Springhill East,30,R2949,R2949M,24/07/2024,P1381,Final report sent,Smartfresh Air,84,34395.136,31597.776,1755.432,0,0,2797.36,155.4088873,31597.776,700.128,84015.36
Pre-sized,Rockit Trading Company Ltd,Paki Paki,PPRK1,R2786,R2786A,24/06/2024,PE1165,Final report sent,Smartfresh Air,23,8280,8280,460,0,0,0,0,8280,2880,561600
Pre-sized,Rockit Trading Company Ltd,Rockit Manahi,C,R2880,R2880C,9/09/2024,PE1239,Final report sent,Smartfresh CA,88,31680,31680,1760,0,0,0,0,31680,0,0
Pre-sized,Rockit Trading Company Ltd,Dartmoor,DR1,R2851,R2851A,12/04/2024,PE1092,Final report sent,Smartfresh Air,10,3600,3600,200,0,0,0,0,3600,0,0
Orchard pick,Rockit Trading Company Ltd,Lobb,A,R2899,R2899A,25/09/2024,P1516,Final report sent,Smartfresh CA,120,50320.672,36878.112,2048.784,0,0,13442.56,746.8088814,36878.112,206.244,24749.28
Pre-sized,Rockit Trading Company Ltd,HAU,,R2776,R2776A,14/05/2024,PE1130,Done,Smartfresh Air,131,47520,47520,2640,0,0,0,0,47520,21600,4212000
Orchard pick,Rockit Trading Company Ltd,Waipatu,WPR2,R2873,R2873B,15/09/2024,P1477,Final report sent,Smartfresh CA,45,19015.292,15922.332,884.574,0,0,3092.96,171.8311094,15922.332,158.256,18990.72
Pre-sized,Rockit Trading Company Ltd,Wharerangi,A1,R1936,R1936A,3/05/2024,PE1122,Final report sent,Smartfresh Air,6,2160,2160,120,0,0,0,0,2160,0,0
Orchard pick,Rockit Trading Company Ltd,Dartmoor,DR4,R2851,R2851G,5/09/2024,P1456,Final report sent,Smartfresh Air,75,31184.836,24504.516,1361.362,0,0,6680.32,371.1288852,24504.516,541.836,65020.32
Pre-sized,Rockit Trading Company Ltd,Rockit Manahi,D,R2880,R2880D,17/09/2024,PE1267,Final report sent,Smartfresh CA,8,2880,2880,160,0,0,0,0,2880,0,0
Pre-sized,Rockit Trading Company Ltd,Valley,B1,R2919,R2919B,2/06/2024,PE1146,Final report sent,Smartfresh Air,20,7200,7200,400,0,0,0,0,7200,3600,702000
Pre-sized,Rockit Trading Company Ltd,Wharerangi,A1,R1936,R1936A,4/05/2024,PE1123,Final report sent,Smartfresh Air,44,15840,15840,880,0,0,0,0,15840,7560,1474200
Pre-sized,Rockit Trading Company Ltd,Rockit Manahi,F2,R2880,R2880F,12/04/2024,PE1097,Final report sent,Smartfresh Air,27,9720,9720,540,0,0,0,0,9720,0,0
Pre-sized,Rockit Trading Company Ltd,Sim1,C1,R2900,R2900C,12/04/2024,PE1091,Final report sent,Smartfresh Air,14,5040,5040,280,0,0,0,0,5040,0,0
Pre-sized,Rockit Trading Company Ltd,Korokipo Verries,KVR1,R2872,R2872B,8/08/2024,PE1195,Final report sent,Smartfresh Air,13,4680,4680,260,0,0,0,0,4680,0,0
Orchard pick,Rockit Trading Company Ltd,Moa Apples,,R1626,R1626A,4/05/2024,P1198,Final report sent,Smartfresh Air,59,27035.452,22048.572,1224.903168,0,0,4986.88,277.0488861,22048.572,797.496,95699.52
Pre-sized,Rockit Trading Company Ltd,Longlands,,R2329,R2329B,8/08/2024,PE1194,Final report sent,Smartfresh Air,20,7200,7200,400,0,0,0,0,7200,0,0
Pre-sized,Rockit Trading Company Ltd,Longlands,,R2329,R2329A,25/09/2024,PE1279,Final report sent,Smartfresh Air,1,360,360,20,0,0,0,0,360,0,0
Pre-sized,Rockit Trading Company Ltd,Valley,B1,R2919,R2919B,25/09/2024,PE1286,Final report sent,Smartfresh Air,1,360,360,20,0,0,0,0,360,0,0
Orchard pick,Rockit Trading Company Ltd,Crown,,R2924,R2924B,16/08/2024,P1410,Final report sent,Smartfresh Air,122,51576.856,42016.536,2334.252,0,0,9560.32,531.1288836,42016.536,581.364,69763.68
Pre-sized,Rockit Trading Company Ltd,Riverside Apples,,R1021,R1021B,27/08/2024,PE1221,Final report sent,Smartfresh CA,45,16200,16200,900,0,0,0,0,16200,0,0
Orchard pick,Rockit Trading Company Ltd,HAU,A2,R2776,R2776A,25/06/2024,P1319,Final report sent,Smartfresh Air,53,22722.848,19638.648,1091.036,0,0,3084.2,171.3444427,19638.648,7417.764,1404765.18
Pre-sized,Rockit Trading Company Ltd,Waipatu,WPR3,R2873,R2873C,6/08/2024,PE1183,Done,Smartfresh Air,107,27360,27360,1520,0,0,0,0,27360,360,43200
Orchard pick,Rockit Trading Company Ltd,Crown,A2,R2924,R2924A,11/05/2024,P1220,Final report sent,Smartfresh Air,33,14837.83,13302.39,738.4675298,0,0,1535.44,85.30222137,13302.39,4887.216,926749.62
Orchard pick,Rockit Trading Company Ltd,Lawn Road,,R2917,R2917A,2/10/2024,P1543,Final report sent,Smartfresh CA,168,71896.216,59372.496,3298.472,0,0,12523.72,695.7622153,59372.496,3115.224,373826.88
Orchard pick,Rockit Trading Company Ltd,Home Block,B,R1230,R1230B,30/05/2024,P1249,Final report sent,Smartfresh Air,62,26320.957,22720.277,1262.238988,0,0,3600.68,200.0377758,22720.277,7105.212,1376908.74
Orchard pick,Rockit Trading Company Ltd,Rockit Manahi,,R2880,R2880F,12/09/2024,P1473,Final report sent,Smartfresh CA,108,45054.536,32489.136,1804.952,0,0,12565.4,698.0777708,32489.136,700.2,84024
Pre-sized,Rockit Trading Company Ltd,Rockit Manahi,F1,R2880,R2880F,13/09/2024,PE1253,Final report sent,Smartfresh CA,120,43200,43200,2400,0,0,0,0,43200,1080,129600
Orchard pick,Rockit Trading Company Ltd,Rockit STOCK ROADS,,R2534,R2534D,6/09/2024,P1461,Final report sent,Smartfresh CA,69,29051.692,22000.572,1222.254,0,0,7051.12,391.728885,22000.572,0,0
Orchard pick,Rockit Trading Company Ltd,Longlands,C1,R2329,R2329C,10/06/2024,P1283,Final report sent,Smartfresh Air,55,23513.004,21174.084,1176.338,0,0,2338.92,129.9399987,21174.084,4146.156,497538.72
Orchard pick,Rockit Trading Company Ltd,Longlands,,R2329,R2329B,8/08/2024,P1404,Final report sent,Smartfresh Air,27,11066.576,8927.856,495.992,0,0,2138.72,118.8177766,8927.856,663.12,79574.4
Orchard pick,Rockit Trading Company Ltd,Te Aute Road South,A,R2668,R2668A,17/09/2024,P1488,Final report sent,Smartfresh CA,10,4293.964,3533.724,196.318,0,0,760.24,42.23555513,3533.724,0,0
Pre-sized,Rockit Trading Company Ltd,Home Block,E8,R1230,R1230E,7/09/2024,PE1238,Final report sent,Smartfresh CA,10,3600,3600,200,0,0,0,0,3600,0,0
Pre-sized,Rockit Trading Company Ltd,Raukawa,,R1232,R1232A,12/06/2024,PE1155,Final report sent,Smartfresh Air,20,7200,7200,400,0,0,0,0,7200,0,0
Orchard pick,Rockit Trading Company Ltd,Raukawa,B4,R1232,R1232B,23/08/2024,P1424,Final report sent,Smartfresh CA,29,12722.632,9585.432,532.524,0,0,3137.2,174.2888871,9585.432,360.108,43212.96
Orchard pick,Rockit Trading Company Ltd,Sim1,C2,R2900,R2900C,17/09/2024,P1492,Final report sent,Smartfresh CA,6,2950.612,1710.612,95.034,0,0,1240,68.8888882,1710.612,0,0
Orchard pick,Rockit Trading Company Ltd,Sim1,,R2900,R2900B,25/09/2024,P1517,Final report sent,Smartfresh CA,180,78594.248,60513.768,3361.876,0,0,18080.48,1004.471101,60513.768,355.068,42608.16
Orchard pick,Rockit Trading Company Ltd,Parkhill Orchard,PHRK,R2841,R2841A,11/10/2024,P1567,Final report sent,Smartfresh CA,35,14377.144,11624.704,645.8168882,0,0,2752.44,152.9133318,11624.704,4942.24,888567.52
Pre-sized,Rockit Trading Company Ltd,Colaghty Orchard,A,R2929,R2929A,11/06/2024,PE1150,Final report sent,Smartfresh Air,40,14400,14400,800,0,0,0,0,14400,0,0
Orchard pick,Rockit Trading Company Ltd,Waipatu,WPR1,R2873,R2873A,16/09/2024,P1478,Final report sent,Smartfresh CA,10,3943.876,3061.476,170.082,0,0,882.4,49.02222173,3061.476,0,0
Pre-sized,Rockit Trading Company Ltd,MANZANA 2,B,R2925,R2925B,12/04/2024,PE1094,Final report sent,Smartfresh Air,23,8280,8280,460,0,0,0,0,8280,0,0
Pre-sized,Rockit Trading Company Ltd,Oceanview Orchard,A,R1899,R1899A,16/09/2024,PE1262,Final report sent,Smartfresh CA,39,14040,14040,780,0,0,0,0,14040,0,0
Pre-sized,Rockit Trading Company Ltd,Riverside Apples,,R1021,R1021A,27/08/2024,PE1224,Final report sent,Smartfresh CA,34,12240,12240,680,0,0,0,0,12240,0,0
Pre-sized,Rockit Trading Company Ltd,Rockit Manzana,,R2879,R2879A,26/08/2024,PE1201,Final report sent,Smartfresh CA,37,13320,13320,740,0,0,0,0,13320,0,0
Orchard pick,Rockit Trading Company Ltd,Valley,B1,R2919,R2919B,12/06/2024,P1289,Final report sent,Smartfresh Air,14,6058.44,5284.08,293.56,0,0,774.36,43.01999957,5284.08,222.876,26745.12
Orchard pick,Rockit Trading Company Ltd,Steel,A,R1149,R1149A,11/04/2024,P1148,Final report sent,Smartfresh Air,26,10992.02,9674.1,537.4497436,0,0,1317.92,73.21777705,9674.1,183.036,21964.32
Pre-sized,Rockit Trading Company Ltd,Rockit Manzana,,R2879,R2879B,19/08/2024,PE1200,Final report sent,Smartfresh CA,37,13320,13320,740,0,0,0,0,13320,360,43200
Pre-sized,Rockit Trading Company Ltd,HAU,,R2776,R2776B,11/10/2024,PE1310,Final report sent,Smartfresh CA,137,49320,49320,2740,0,0,0,0,49320,18720,3515400
Orchard pick,Rockit Trading Company Ltd,Home Block,F2,R1230,R1230F,16/09/2024,P1483,Final report sent,Smartfresh CA,14,5906.032,4134.312,229.684,0,0,1771.72,98.4288879,4134.312,0,0
Pre-sized,Rockit Trading Company Ltd,Crown,B1,R2924,R2924B,16/08/2024,PE1198,Done,Smartfresh Air,192,69480,69480,3860,0,0,0,0,69480,360,43200
Pre-sized,Rockit Trading Company Ltd,Lawn Road,A2,R2917,R2917A,2/10/2024,PE1297,Final report sent,Smartfresh CA,159,57240,57240,3180,0,0,0,0,57240,2880,345600
Orchard pick,Rockit Trading Company Ltd,Lawn Road,C2,R2917,R2917C,10/06/2024,P1280,Final report sent,Smartfresh Air,50,21098.284,18989.604,1054.978,0,0,2108.68,117.1488877,18989.604,990.468,118856.16
Pre-sized,Rockit Trading Company Ltd,Rockit Manzana,C1,R2879,R2879C,12/04/2024,PE1096,Final report sent,Smartfresh Air,23,8280,8280,460,0,0,0,0,8280,0,0
Pre-sized,Rockit Trading Company Ltd,Lawn Road,C2,R2917,R2917C,10/06/2024,PE1147,Final report sent,Smartfresh Air,40,14400,14400,800,0,0,0,0,14400,0,0
Pre-sized,Rockit Trading Company Ltd,Dartmoor,DR3,R2851,R2851E,16/08/2024,PE1197,Final report sent,Smartfresh Air,52,18720,18720,1040,0,0,0,0,18720,360,43200
Orchard pick,Rockit Trading Company Ltd,Sunvalley Orchard,WEST,R2732,R2732A,26/08/2024,P1428,Final report sent,Smartfresh CA,50,20738.272,17744.472,985.804,0,0,2993.8,166.3222206,17744.472,312.66,37519.2
Orchard pick,Rockit Trading Company Ltd,Sim2,,R2886,R2886B,13/09/2024,P1472,Final report sent,Smartfresh CA,62,25998.292,19993.572,1110.754,0,0,6004.72,333.5955522,19993.572,0,0
Pre-sized,Rockit Trading Company Ltd,Pioneer,,R1580,R1580A,2/06/2024,PE1143,Final report sent,Smartfresh Air,29,10440,10440,580,0,0,0,0,10440,3960,772200
Orchard pick,Rockit Trading Company Ltd,Napier Road South,B1,R2712,R2712B,17/09/2024,P1489,Final report sent,Smartfresh CA,12,5046.112,3948.912,219.384,0,0,1097.2,60.95555495,3948.912,0,0
Orchard pick,Rockit Trading Company Ltd,Valley,,R2919,R2919D,17/06/2024,P1302,Final report sent,Smartfresh Air,258,110400.704,96091.344,5338.408,0,0,14309.36,794.9644365,96091.344,37441.944,6986132.28
Orchard pick,Rockit Trading Company Ltd,Dartmoor,DR5,R2851,R2851I,15/08/2024,P1408,Final report sent,Smartfresh Air,89,36893.312,29202.552,1622.364,0,0,7690.76,427.2644402,29202.552,1080.18,129621.6
Pre-sized,Rockit Trading Company Ltd,Dartmoor,DR3,R2851,R2851E,25/09/2024,PE1283,Final report sent,Smartfresh Air,1,360,360,20,0,0,0,0,360,0,0
Orchard pick,Rockit Trading Company Ltd,Parkhill Orchard,PHRK,R2841,R2841A,14/09/2024,P1476,Final report sent,Smartfresh CA,55,22511.444,17362.044,964.558,0,0,5149.4,286.0777749,17362.044,225.288,27034.56
Pre-sized,Rockit Trading Company Ltd,Longlands,,R2329,R2329D,26/08/2024,PE1220,Final report sent,Smartfresh Air,3,1080,1080,60,0,0,0,0,1080,0,0
Pre-sized,Rockit Trading Company Ltd,Waipatu,WPR3,R2873,R2873C,27/09/2024,PE1292,Final report sent,Smartfresh CA,74,26640,26640,1480,0,0,0,0,26640,0,0
Pre-sized,Rockit Trading Company Ltd,Rockit Manzana,D1,R2879,R2879D,12/04/2024,PE1099,Final report sent,Smartfresh Air,27,9720,9720,540,0,0,0,0,9720,0,0
Pre-sized,Rockit Trading Company Ltd,Waipatu,WPR1,R2873,R2873A,27/09/2024,PE1291,Final report sent,Smartfresh CA,35,12600,12600,700,0,0,0,0,12600,0,0
Orchard pick,Rockit Trading Company Ltd,Lawn Road,B1,R2917,R2917B,3/10/2024,P1546,Final report sent,Smartfresh CA,58,25059.964,22582.564,1254.586888,0,0,2477.4,137.633332,22582.564,9690.964,1661210.86
Pre-sized,Rockit Trading Company Ltd,Sim2,,R2886,R2886B,13/09/2024,PE1255,Final report sent,Smartfresh CA,55,19800,19800,1100,0,0,0,0,19800,0,0
Orchard pick,Rockit Trading Company Ltd,ROCKIT Omahu,A1,R2724,R2724A,2/10/2024,P1544,Final report sent,Smartfresh CA,57,24805.588,19696.788,1094.266,0,0,5108.8,283.8222194,19696.788,198,23760
Orchard pick,Rockit Trading Company Ltd,Waipatu,WPR3,R2873,R2873C,5/08/2024,P1392,Final report sent,Smartfresh Air,110,44391.604,38870.964,2159.498,0,0,5520.64,306.7022192,38870.964,544.572,65348.64
Orchard pick,Rockit Trading Company Ltd,Valley,,R2919,R2919E,25/06/2024,P1320,Final report sent,Smartfresh Air,75,32371.776,28019.736,1556.652,0,0,4352.04,241.7799976,28019.736,10717.56,2000484
Pre-sized,Rockit Trading Company Ltd,Valley,,R2919,R2919D,19/06/2024,PE1159,Final report sent,Smartfresh Air,274,98640,98640,5480,0,0,0,0,98640,38520,7187400
Pre-sized,Rockit Trading Company Ltd,Rockit Manzana,A1,R2879,R2879A,25/09/2024,PE1284,Final report sent,Smartfresh CA,1,360,360,20,0,0,0,0,360,0,0
Orchard pick,Rockit Trading Company Ltd,Rockit Manzana,A2,R2879,R2879A,24/08/2024,P1426,Final report sent,Smartfresh CA,35,14812.228,12096.828,672.046,0,0,2715.4,150.855554,12096.828,261.972,31436.64
Orchard pick,Rockit Trading Company Ltd,Sim1,B3,R2900,R2900B,11/04/2024,P1143,Final report sent,Smartfresh Air,34,14409.364,12817.844,712.1021932,0,0,1591.52,88.41777689,12817.844,176.568,21188.16
Pre-sized,Rockit Trading Company Ltd,Te Aute Road South,A,R2668,R2668A,17/09/2024,PE1269,Final report sent,Smartfresh CA,9,3240,3240,180,0,0,0,0,3240,0,0
Pre-sized,Rockit Trading Company Ltd,MANZANA 2,A,R2925,R2925A,12/04/2024,PE1087,Final report sent,Smartfresh Air,5,1800,1800,100,0,0,0,0,1800,0,0
Pre-sized,Rockit Trading Company Ltd,Korokipo,KCR3,R2850,R2850E,13/10/2024,PE1314,Final report sent,Smartfresh CA,44,15840,15840,880,0,0,0,0,15840,6120,1166400
Orchard pick,Rockit Trading Company Ltd,Valley,D2,R2919,R2919D,15/10/2024,P1579,Final report sent,Smartfresh CA,27,11420.676,9362.836,520.1575551,0,0,2057.84,114.3244433,9362.836,4130.884,704108.5
Orchard pick,Rockit Trading Company Ltd,Home Block,C,R1230,R1230C,8/09/2024,P1465,Final report sent,Smartfresh CA,98,42030.464,33453.144,1858.508,0,0,8577.32,476.517773,33453.144,0,0
Orchard pick,Rockit Trading Company Ltd,Korokipo Verries,KVR1,R2872,R2872B,5/09/2024,P1454,Final report sent,Smartfresh Air,29,11872.22,9590.58,532.81,0,0,2281.64,126.7577765,9590.58,670.788,80494.56
Orchard pick,Rockit Trading Company Ltd,Dartmoor,DR1,R2851,R2851A,11/04/2024,P1145,Final report sent,Smartfresh Air,10,4320.56,3880.28,215.571,0,0,440.28,24.45999976,3880.28,0,0
Orchard pick,Rockit Trading Company Ltd,Korokipo Verries,KVR1,R2872,R2872B,8/08/2024,P1405,Final report sent,Smartfresh Air,20,8070.436,6077.196,337.622,0,0,1993.24,110.7355544,6077.196,185.832,22299.84
Pre-sized,Rockit Trading Company Ltd,Waipatu,WPR3,R2873,R2873C,12/10/2024,PE1313,Final report sent,Smartfresh CA,28,10080,10080,560,0,0,0,0,10080,3960,772200
Orchard pick,Rockit Trading Company Ltd,MANZANA 2,C,R2925,R2925C,7/08/2024,P1399,Final report sent,Smartfresh Air,33,14441.012,11787.012,654.834,0,0,2654,147.444443,11787.012,0,0
Orchard pick,Rockit Trading Company Ltd,Crown,B1,R2924,R2924B,17/08/2024,P1411,Final report sent,Smartfresh Air,85,35919.06,29047.86,1613.77,0,0,6871.2,381.7333295,29047.86,0,0
Pre-sized,Rockit Trading Company Ltd,Rockit Manzana,,R2879,R2879C,10/07/2024,PE1175,Final report sent,Smartfresh Air,136,48960,48960,2720,0,0,0,0,48960,19440,3547800
Pre-sized,Rockit Trading Company Ltd,Rockit Manzana,,R2879,R2879A,30/09/2024,PE1295,Final report sent,Smartfresh CA,107,38520,38520,2140,0,0,0,0,38520,720,86400
Orchard pick,Rockit Trading Company Ltd,Pioneer,C1,R1580,R1580C,4/09/2024,P1452,Final report sent,Smartfresh Air,14,5550.452,3640.932,202.274,0,0,1909.52,106.0844434,3640.932,2100.24,409546.8
Pre-sized,Rockit Trading Company Ltd,Rockit Manzana,,R2879,R2879B,27/09/2024,PE1294,Final report sent,Smartfresh CA,56,20160,20160,1120,0,0,0,0,20160,720,86400
Pre-sized,Rockit Trading Company Ltd,Rockit Manahi,E,R2880,R2880E,11/09/2024,PE1249,Final report sent,Smartfresh CA,84,30240,30240,1680,0,0,0,0,30240,0,0
Pre-sized,Rockit Trading Company Ltd,Riverside Apples,,R1021,R1021C,13/10/2024,PE1316,Final report sent,Smartfresh CA,25,9000,9000,500,0,0,0,0,9000,2880,561600
Orchard pick,Rockit Trading Company Ltd,Rockit Manzana,,R2879,R2879A,10/04/2024,P1141,Final report sent,Smartfresh Air,64,28233.706,24395.106,1355.282563,0,0,3838.6,213.2555534,24395.106,6732.726,1240037.82
Orchard pick,Rockit Trading Company Ltd,Valley,B1,R2919,R2919B,2/06/2024,P1256,Final report sent,Smartfresh Air,28,12751.042,10760.242,597.791,0,0,1990.8,110.5999989,10760.242,4039.524,764106.48
Pre-sized,Rockit Trading Company Ltd,Rockit Manahi,C,R2880,R2880C,30/09/2024,PE1296,Final report sent,Smartfresh CA,102,36720,36720,2040,0,0,0,0,36720,360,43200
Orchard pick,Rockit Trading Company Ltd,Waipatu,WPR1,R2873,R2873A,26/09/2024,P1519,Final report sent,Smartfresh CA,36,15504.588,13068.828,726.046,0,0,2435.76,135.3199986,13068.828,0,0
Pre-sized,Rockit Trading Company Ltd,Waipatu,WPR1,R2873,R2873A,16/09/2024,PE1260,Final report sent,Smartfresh CA,8,2880,2880,160,0,0,0,0,2880,0,0
Pre-sized,Rockit Trading Company Ltd,Longlands,,R2329,R2329D,25/09/2024,PE1288,Final report sent,Smartfresh Air,1,360,360,20,0,0,0,0,360,0,0
Pre-sized,Rockit Trading Company Ltd,Wharerangi,,R1936,R1936A,16/09/2024,PE1261,Final report sent,Smartfresh CA,24,8640,8640,480,0,0,0,0,8640,0,0
Orchard pick,Rockit Trading Company Ltd,Longacre Orchard,,R2219,R2219A,26/08/2024,P1427,Final report sent,Smartfresh CA,61,25920.976,20272.536,1126.252,0,0,5648.44,313.8022191,20272.536,283.752,34050.24
Orchard pick,Rockit Trading Company Ltd,MANZANA 2,B,R2925,R2925B,23/08/2024,P1425,Final report sent,Smartfresh CA,62,27948.96,21121.92,1173.44,0,0,6827.04,379.2799962,21121.92,621.18,74541.6
Orchard pick,Rockit Trading Company Ltd,Te Aute Road North,,R1233,R1233A,3/05/2024,P1199,Final report sent,Smartfresh Air,52,20965.99,16740.87,930.0435359,0,0,4225.12,234.7288865,16740.87,5700.954,1098156.78
Orchard pick,Rockit Trading Company Ltd,Pioneer,,R1580,R1580C,11/06/2024,P1291,Final report sent,Smartfresh Air,104,43245.352,37941.552,2107.864,0,0,5303.8,294.6555526,37941.552,2601.288,312154.56
Orchard pick,Rockit Trading Company Ltd,Rockit Manzana,,R2879,R2879A,16/10/2024,P1583,Final report sent,Smartfresh CA,122,52467.248,42118.008,2339.889331,0,0,10349.24,574.957772,42118.008,19631.076,3485873.04
Orchard pick,Rockit Trading Company Ltd,Colaghty Orchard,B,R2929,R2929B,12/06/2024,P1290,Final report sent,Smartfresh Air,27,11090.92,9908.64,550.48,0,0,1182.28,65.68222157,9908.64,349.992,41999.04
Pre-sized,Rockit Trading Company Ltd,Longacre Orchard,B1,R2219,R2219B,12/06/2024,PE1158,Final report sent,Smartfresh Air,8,2880,2880,160,0,0,0,0,2880,0,0
Pre-sized,Rockit Trading Company Ltd,Rockit Manzana,,R2879,R2879A,10/04/2024,PE1088,Final report sent,Smartfresh Air,35,12600,12600,700,0,0,0,0,12600,0,0
Orchard pick,Rockit Trading Company Ltd,Colaghty Orchard,A,R2929,R2929A,10/06/2024,P1284,Final report sent,Smartfresh Air,52,21780.968,19325.808,1073.656,0,0,2455.16,136.3977764,19325.808,1363.68,163641.6
Pre-sized,Rockit Trading Company Ltd,Lawn Road,B1,R2917,R2917B,3/10/2024,PE1303,Final report sent,Smartfresh CA,56,20160,20160,1120,0,0,0,0,20160,7560,1366200
Pre-sized,Rockit Trading Company Ltd,Moa Apples,,R1626,R1626A,26/07/2024,PE1181,Done,Smartfresh Air,69,23760,23760,1320,0,0,0,0,23760,720,86400
Pre-sized,Rockit Trading Company Ltd,Rockit STOCK ROADS,,R2534,R2534D,11/09/2024,PE1251,Final report sent,Smartfresh CA,23,8280,8280,460,0,0,0,0,8280,0,0
Orchard pick,Rockit Trading Company Ltd,Rockit Manahi,F2,R2880,R2880F,11/04/2024,P1151,Final report sent,Smartfresh Air,28,11298.96,9894.48,549.6929904,0,0,1404.48,78.02666589,9894.48,390.096,46811.52
Orchard pick,Rockit Trading Company Ltd,Sunvalley Orchard,NORTH,R2732,R2732A,5/09/2024,P1457,Final report sent,Smartfresh Air,21,8647.076,6574.716,365.262,0,0,2072.36,115.13111,6574.716,184.464,22135.68
Pre-sized,Rockit Trading Company Ltd,Springhill East,30,R2949,R2949M,11/06/2024,PE1148,Final report sent,Smartfresh Air,125,45000,45000,2500,0,0,0,0,45000,0,0
Orchard pick,Rockit Trading Company Ltd,Rockit Manahi,,R2880,R2880B,9/07/2024,P1345,Final report sent,Smartfresh Air,202,81193.78,70789.86,3932.77,0,0,10403.92,577.9955498,70789.86,25849.08,4949297.1
Orchard pick,Rockit Trading Company Ltd,Te Aute Road North,,R1233,R1233B,9/09/2024,P1466,Final report sent,Smartfresh CA,91,39189.832,32805.432,1822.524,0,0,6384.4,354.6888853,32805.432,125.172,15020.64
Orchard pick,Rockit Trading Company Ltd,Riverside Apples,,R1021,R1021C,13/10/2024,P1573,Final report sent,Smartfresh CA,29,12601.14,10765.5,598.0833329,0,0,1835.64,101.979999,10765.5,4133.976,745009.98
Pre-sized,Rockit Trading Company Ltd,Valley,D2,R2919,R2919D,15/10/2024,PE1320,Final report sent,Smartfresh CA,22,7920,7920,440,0,0,0,0,7920,3240,577800
Orchard pick,Rockit Trading Company Ltd,Valley,,R2919,R2919C,30/03/2024,P1118,Final report sent,Smartfresh Air,133,56613.508,48856.308,2714.237901,0,0,7757.2,430.9555512,48856.308,1805.244,216629.28
Pre-sized,Rockit Trading Company Ltd,Korokipo,KCR3,R2850,R2850E,18/09/2024,PE1273,Final report sent,Smartfresh CA,19,6840,6840,380,0,0,0,0,6840,0,0
Orchard pick,Rockit Trading Company Ltd,Rockit Manzana,,R2879,R2879C,10/07/2024,P1346,Final report sent,Smartfresh Air,137,58322.404,51120.324,2840.018,0,0,7202.08,400.1155516,51120.324,19749.78,3606049.8
Pre-sized,Rockit Trading Company Ltd,Pioneer,C1,R1580,R1580C,2/06/2024,PE1144,Final report sent,Smartfresh Air,42,15120,15120,840,0,0,0,0,15120,5760,1123200
Orchard pick,Rockit Trading Company Ltd,Wharerangi,,R1936,R1936A,16/09/2024,P1480,Final report sent,Smartfresh CA,28,12523.88,9958.68,553.26,0,0,2565.2,142.5111097,9958.68,212.94,25552.8
Orchard pick,Rockit Trading Company Ltd,Raukawa,,R1232,R1232C,15/10/2024,P1577,Final report sent,Smartfresh CA,85,35083.716,29363.476,1631.30422,0,0,5720.24,317.7911079,29363.476,13420.48,2300672.8
Pre-sized,Rockit Trading Company Ltd,Valley,,R2919,R2919A,4/05/2024,PE1125,Final report sent,Smartfresh Air,47,16920,16920,940,0,0,0,0,16920,6480,1263600
Pre-sized,Rockit Trading Company Ltd,Longacre Orchard,,R2219,R2219A,26/08/2024,PE1210,Final report sent,Smartfresh CA,53,19080,19080,1060,0,0,0,0,19080,0,0
Pre-sized,Rockit Trading Company Ltd,MANZANA 2,A,R2925,R2925A,25/09/2024,PE1281,Final report sent,Smartfresh Air,1,360,360,20,0,0,0,0,360,0,0
Orchard pick,Rockit Trading Company Ltd,MANZANA 2,A,R2925,R2925A,10/04/2024,P1140,Final report sent,Smartfresh Air,53,22725.947,18759.587,1042.198477,0,0,3966.36,220.3533311,18759.587,7446.482,1371603.54
Pre-sized,Rockit Trading Company Ltd,Korokipo Verries,KVR4,R2872,R2872J,7/08/2024,PE1188,Final report sent,Smartfresh Air,28,10080,10080,560,0,0,0,0,10080,0,0
Pre-sized,Rockit Trading Company Ltd,Rockit Manahi,F2,R2880,R2880F,25/06/2024,PE1166,Done,Smartfresh Air,101,37080,37080,2060,0,0,0,0,37080,14040,2656800
Orchard pick,Rockit Trading Company Ltd,Parkhill Orchard,PHRK,R2841,R2841A,24/09/2024,P1513,Final report sent,Smartfresh CA,35,14647.708,10714.068,595.226,0,0,3933.64,218.5355534,10714.068,0,0
Pre-sized,Rockit Trading Company Ltd,Valley,,R2919,R2919E,15/10/2024,PE1321,Final report sent,Smartfresh CA,56,20160,20160,1120,0,0,0,0,20160,7920,1490400
Pre-sized,Rockit Trading Company Ltd,Dartmoor,DR5,R2851,R2851I,16/08/2024,PE1196,Final report sent,Smartfresh Air,79,28440,28440,1580,0,0,0,0,28440,1080,129600
Pre-sized,Rockit Trading Company Ltd,Sunvalley Orchard,WEST,R2732,R2732A,27/08/2024,PE1212,Final report sent,Smartfresh CA,48,17280,17280,960,0,0,0,0,17280,0,0
Pre-sized,Rockit Trading Company Ltd,Steel,C,R1149,R1149C,14/10/2024,PE1317,Final report sent,Smartfresh CA,109,39240,39240,2180,0,0,0,0,39240,15120,2867400
Orchard pick,Rockit Trading Company Ltd,Korokipo Verries,KVR4,R2872,R2872J,7/08/2024,P1397,Final report sent,Smartfresh Air,29,12512.388,10297.188,572.066,0,0,2215.2,123.0666654,10297.188,207.936,24952.32
Orchard pick,Rockit Trading Company Ltd,Riverside Apples,,R1021,R1021B,26/08/2024,P1429,Final report sent,Smartfresh CA,46,20042.928,17027.928,945.996,0,0,3015,167.4999983,17027.928,360.144,43217.28
Orchard pick,Rockit Trading Company Ltd,Mana1,A2,R2926,R2926A,11/06/2024,P1282,Final report sent,Smartfresh Air,18,7498.508,6266.268,348.126,0,0,1232.24,68.45777709,6266.268,0,0
Orchard pick,Rockit Trading Company Ltd,Rockit Manzana,D2,R2879,R2879D,3/10/2024,P1547,Final report sent,Smartfresh CA,114,49483.796,43482.196,2415.677552,0,0,6001.6,333.4222189,43482.196,19760.104,3394519.72
Orchard pick,Rockit Trading Company Ltd,Rockit Manzana,D1,R2879,R2879D,12/04/2024,P1152,Final report sent,Smartfresh Air,28,12377.402,10135.482,563.0820067,0,0,2241.92,124.5511099,10135.482,411.558,49386.96
Orchard pick,Rockit Trading Company Ltd,Rockit Manahi,E,R2880,R2880E,11/09/2024,P1467,Final report sent,Smartfresh CA,101,42550.608,31524.048,1751.336,0,0,11026.56,612.5866605,31524.048,330.912,39709.44
Pre-sized,Rockit Trading Company Ltd,Lawn Road,A2,R2917,R2917A,2/10/2024,PE1299,Final report sent,Smartfresh CA,3,1080,1080,60,0,0,0,0,1080,0,0
Orchard pick,Rockit Trading Company Ltd,Springhill East,37,R2949,R2949T,25/07/2024,P1380,Final report sent,Smartfresh Air,74,33533.432,30067.632,1670.424,0,0,3465.8,192.5444425,30067.632,197.964,23755.68
Pre-sized,Rockit Trading Company Ltd,MANZANA 2,B,R2925,R2925B,25/09/2024,PE1276,Final report sent,Smartfresh CA,23,8280,8280,460,0,0,0,0,8280,0,0
Orchard pick,Rockit Trading Company Ltd,MANZANA 2,B,R2925,R2925B,25/09/2024,P1514,Final report sent,Smartfresh CA,28,11565.66,8661.78,481.21,0,0,2903.88,161.3266651,8661.78,0,0
Pre-sized,Rockit Trading Company Ltd,Rangi2,A,R2901,R2901A,7/08/2024,PE1189,Final report sent,Smartfresh Air,15,5400,5400,300,0,0,0,0,5400,0,0
Orchard pick,Rockit Trading Company Ltd,Mana2,B2,R2927,R2927B,19/08/2024,P1412,Final report sent,Smartfresh CA,54,23511.3,18341.1,1018.95,0,0,5170.2,287.2333305,18341.1,189,22680
Pre-sized,Rockit Trading Company Ltd,Home Block,F2,R1230,R1230F,16/09/2024,PE1264,Final report sent,Smartfresh CA,10,3600,3600,200,0,0,0,0,3600,0,0
Pre-sized,Rockit Trading Company Ltd,Wharerangi,,R1936,R1936C,16/09/2024,PE1259,Final report sent,Smartfresh CA,49,17640,17640,980,0,0,0,0,17640,0,0
Orchard pick,Rockit Trading Company Ltd,Valley,,R2919,R2919E,19/06/2024,P1303,Final report sent,Smartfresh Air,90,38034.26,33932.34,1885.13,0,0,4101.92,227.8844422,33932.34,13030.668,2402159.76
Pre-sized,Rockit Trading Company Ltd,Crown,A2,R2924,R2924A,25/07/2024,PE1178,Done,Smartfresh Air,209,75600,75600,4200,0,0,0,0,75600,1440,172800
Pre-sized,Rockit Trading Company Ltd,Rangi2,C,R2901,R2901C,12/06/2024,PE1152,Final report sent,Smartfresh Air,76,27360,27360,1520,0,0,0,0,27360,0,0
Pre-sized,Rockit Trading Company Ltd,Valley,,R2919,R2919E,26/08/2024,PE1218,Final report sent,Smartfresh Air,2,720,720,40,0,0,0,0,720,0,0
Orchard pick,Rockit Trading Company Ltd,Lowry Heretaunga,C1,R2946,R2946C,4/10/2024,P1550,Final report sent,Smartfresh CA,74,32730.484,28411.684,1578.426888,0,0,4318.8,239.9333309,28411.684,11989.888,2099556.04
Orchard pick,Rockit Trading Company Ltd,Waipatu,WPR2,R2873,R2873B,6/08/2024,P1393,Final report sent,Smartfresh Air,48,20171.252,17511.732,972.874,0,0,2659.52,147.7511096,17511.732,327.96,39355.2
Pre-sized,Rockit Trading Company Ltd,Crown,B2,R2924,R2924B,9/09/2024,PE1241,Final report sent,Smartfresh Air,15,5400,5400,300,0,0,0,0,5400,1800,351000
Pre-sized,Rockit Trading Company Ltd,Steel,A,R1149,R1149A,12/04/2024,PE1095,Final report sent,Smartfresh Air,25,9000,9000,500,0,0,0,0,9000,0,0
Pre-sized,Rockit Trading Company Ltd,Mana2,B1,R2927,R2927B,11/09/2024,PE1250,Final report sent,Smartfresh CA,15,5400,5400,300,0,0,0,0,5400,0,0
Pre-sized,Rockit Trading Company Ltd,Crown,B2,R2924,R2924B,26/08/2024,PE1219,Final report sent,Smartfresh Air,2,720,720,40,0,0,0,0,720,0,0
Pre-sized,Rockit Trading Company Ltd,Raukawa,,R1232,R1232B,14/10/2024,PE1318,Final report sent,Smartfresh CA,87,31320,31320,1740,0,0,0,0,31320,12600,2295000
Pre-sized,Rockit Trading Company Ltd,Valley,,R2919,R2919H,16/10/2024,PE1323,Final report sent,Smartfresh CA,52,18720,18720,1040,0,0,0,0,18720,7200,1269000
Orchard pick,Rockit Trading Company Ltd,Oceanview Orchard,A,R1899,R1899A,16/09/2024,P1481,Final report sent,Smartfresh CA,46,20125.952,15082.272,837.904,0,0,5043.68,280.2044416,15082.272,305.388,36646.56
Orchard pick,Rockit Trading Company Ltd,Rockit Manahi,D,R2880,R2880D,5/09/2024,P1458,Final report sent,Smartfresh CA,118,50049.232,37426.032,2079.224,0,0,12623.2,701.2888819,37426.032,216.684,26002.08
Orchard pick,Rockit Trading Company Ltd,Pioneer,,R1580,R1580A,1/06/2024,P1255,Final report sent,Smartfresh Air,36,15005.38,13095.9,727.55,0,0,1909.48,106.0822212,13095.9,4842.612,879971.04
Orchard pick,Rockit Trading Company Ltd,Raukawa,,R1232,R1232A,12/06/2024,P1287,Final report sent,Smartfresh Air,31,12872.868,11278.188,626.566,0,0,1594.68,88.59333245,11278.188,1050.228,126027.36
Pre-sized,Rockit Trading Company Ltd,Dartmoor,DR4,R2851,R2851G,12/04/2024,PE1093,Final report sent,Smartfresh Air,23,8280,8280,460,0,0,0,0,8280,0,0
Orchard pick,Rockit Trading Company Ltd,HAU,,R2776,R2776A,18/06/2024,P1301,Final report sent,Smartfresh Air,217,90852.82,78340.5,4352.25,0,0,12512.32,695.1288819,78340.5,29658.456,5683399.02
Pre-sized,Rockit Trading Company Ltd,Sim1,,R2900,R2900B,27/09/2024,PE1290,Final report sent,Smartfresh CA,166,59760,59760,3320,0,0,0,0,59760,360,43200
Pre-sized,Rockit Trading Company Ltd,Longlands,C1,R2329,R2329C,11/06/2024,PE1149,Final report sent,Smartfresh Air,24,8640,8640,480,0,0,0,0,8640,0,0
Orchard pick,Rockit Trading Company Ltd,HAU,A1,R2776,R2776A,9/10/2024,P1563,Final report sent,Smartfresh CA,114,47615.188,41890.548,2327.252665,0,0,5724.64,318.0355524,41890.548,17164.164,3157415.22
Pre-sized,Rockit Trading Company Ltd,Raukawa,C3,R1232,R1232C,15/10/2024,PE1319,Final report sent,Smartfresh CA,82,29520,29520,1640,0,0,0,0,29520,11520,2111400
Pre-sized,Rockit Trading Company Ltd,Lowry Heretaunga,A1,R2946,R2946A,4/10/2024,PE1306,Final report sent,Smartfresh CA,60,21600,21600,1200,0,0,0,0,21600,8280,1587600
Pre-sized,Rockit Trading Company Ltd,Rockit Manahi,,R2880,R2880B,10/07/2024,PE1174,Final report sent,Smartfresh Air,201,72360,72360,4020,0,0,0,0,72360,26280,5043600
Pre-sized,Rockit Trading Company Ltd,Longlands,C1,R2329,R2329C,23/08/2024,PE1206,Final report sent,Smartfresh Air,13,4680,4680,260,0,0,0,0,4680,0,0
Orchard pick,Rockit Trading Company Ltd,Crown,B2,R2924,R2924B,31/05/2024,P1250,Final report sent,Smartfresh Air,42,18063.112,16438.032,913.224,0,0,1625.08,90.28222132,16438.032,6038.784,1079280.18
Pre-sized,Rockit Trading Company Ltd,Riverside Apples,,R1021,R1021A,12/10/2024,PE1312,Final report sent,Smartfresh CA,26,9360,9360,520,0,0,0,0,9360,3600,675000
Pre-sized,Rockit Trading Company Ltd,Rockit Manahi,C,R2880,R2880C,17/09/2024,PE1268,Final report sent,Smartfresh CA,4,1440,1440,80,0,0,0,0,1440,0,0
Pre-sized,Rockit Trading Company Ltd,MANZANA 2,B,R2925,R2925B,24/06/2024,PE1163,Final report sent,Smartfresh Air,53,19080,19080,1060,0,0,0,0,19080,7200,1323000
Pre-sized,Rockit Trading Company Ltd,Valley,F2,R2919,R2919F,5/09/2024,PE1230,Final report sent,Smartfresh Air,3,1080,1080,60,0,0,0,0,1080,0,0
Pre-sized,Rockit Trading Company Ltd,Rockit Manahi,D,R2880,R2880D,6/09/2024,PE1233,Final report sent,Smartfresh CA,102,36720,36720,2040,0,0,0,0,36720,0,0
Pre-sized,Rockit Trading Company Ltd,Pioneer,C1,R1580,R1580C,5/09/2024,PE1226,Final report sent,Smartfresh Air,9,3240,3240,180,0,0,0,0,3240,2160,421200
Pre-sized,Rockit Trading Company Ltd,Home Block,A,R1230,R1230A,16/09/2024,PE1263,Final report sent,Smartfresh CA,23,8280,8280,460,0,0,0,0,8280,0,0
Orchard pick,Rockit Trading Company Ltd,Mana2,B1,R2927,R2927B,11/09/2024,P1468,Final report sent,Smartfresh CA,21,8777.908,6007.428,333.746,0,0,2770.48,153.915554,6007.428,0,0
Pre-sized,Rockit Trading Company Ltd,Pioneer,,R1580,R1580B,2/06/2024,PE1142,Final report sent,Smartfresh Air,49,17640,17640,980,0,0,0,0,17640,6480,1263600
Pre-sized,Rockit Trading Company Ltd,Steel,A,R1149,R1149A,7/09/2024,PE1234,Final report sent,Smartfresh CA,45,16200,16200,900,0,0,0,0,16200,0,0
Pre-sized,Rockit Trading Company Ltd,Valley,,R2919,R2919E,4/10/2024,PE1305,Final report sent,Smartfresh CA,21,7560,7560,420,0,0,0,0,7560,2520,464400
Orchard pick,Rockit Trading Company Ltd,Rockit Manzana,A1,R2879,R2879A,19/08/2024,P1414,Final report sent,Smartfresh CA,12,6047.56,4730.76,262.82,0,0,1316.8,73.15555482,4730.76,174.924,20990.88
Pre-sized,Rockit Trading Company Ltd,Sim2,A1,R2886,R2886A,13/09/2024,PE1254,Final report sent,Smartfresh CA,46,16560,16560,920,0,0,0,0,16560,0,0
Orchard pick,Rockit Trading Company Ltd,Longlands,,R2329,R2329A,1/07/2024,P1331,Final report sent,Smartfresh Air,147,59098.032,49840.632,2768.924,0,0,9257.4,514.2999949,49840.632,19310.544,2827241.28
Pre-sized,Rockit Trading Company Ltd,Valley,,R2919,R2919C,30/03/2024,PE1078,Final report sent,Smartfresh Air,132,47520,47520,2640,0,0,0,0,47520,0,0
Pre-sized,Rockit Trading Company Ltd,Valley,,R2919,R2919E,19/06/2024,PE1161,Final report sent,Smartfresh Air,89,32040,32040,1780,0,0,0,0,32040,12240,2305800
Orchard pick,Rockit Trading Company Ltd,Rockit Manzana,,R2879,R2879B,19/08/2024,P1413,Final report sent,Smartfresh CA,39,16592.356,13785.156,765.842,0,0,2807.2,155.955554,13785.156,360.036,43204.32
Pre-sized,Rockit Trading Company Ltd,Rockit Manzana,D2,R2879,R2879D,6/08/2024,PE1185,Final report sent,Smartfresh Air,39,14040,14040,780,0,0,0,0,14040,360,43200
Pre-sized,Rockit Trading Company Ltd,Sim2,A1,R2886,R2886A,12/04/2024,PE1098,Final report sent,Smartfresh Air,28,10080,10080,560,0,0,0,0,10080,0,0
Pre-sized,Rockit Trading Company Ltd,Valley,,R2919,R2919E,26/06/2024,PE1170,Final report sent,Smartfresh Air,73,26280,26280,1460,0,0,0,0,26280,10080,1884600
Orchard pick,Rockit Trading Company Ltd,MANZANA 2,C,R2925,R2925C,30/05/2024,P1247,Final report sent,Smartfresh Air,74,31324.769,25636.809,1424.267808,0,0,5687.96,315.9977746,25636.809,10095.912,1894064.04
Pre-sized,Rockit Trading Company Ltd,Lobb,B,R2899,R2899B,25/09/2024,PE1277,Final report sent,Smartfresh CA,46,16560,16560,920,0,0,0,0,16560,0,0
Pre-sized,Rockit Trading Company Ltd,Valley,,R2919,R2919C,9/09/2024,PE1246,Final report sent,Smartfresh Air,3,1080,1080,60,0,0,0,0,1080,0,0
Orchard pick,Rockit Trading Company Ltd,Korokipo,KCR3,R2850,R2850E,17/09/2024,P1491,Final report sent,Smartfresh CA,24,10194.748,7978.068,443.226,0,0,2216.68,123.1488877,7978.068,178.02,21362.4
Orchard pick,Rockit Trading Company Ltd,Waipatu,WPR3,R2873,R2873C,13/09/2024,P1475,Final report sent,Smartfresh CA,125,53632.56,43874.28,2437.46,0,0,9758.28,542.1266612,43874.28,350.028,42003.36
Orchard pick,Rockit Trading Company Ltd,Rangi2,B,R2901,R2901B,25/06/2024,P1318,Final report sent,Smartfresh Air,93,38596.656,32341.536,1796.752,0,0,6255.12,347.5066632,32341.536,11409.012,2206508.04
Pre-sized,Rockit Trading Company Ltd,Karaua,ROCK1,R2934,R2934F,8/08/2024,PE1192,Final report sent,Smartfresh Air,11,3960,3960,220,0,0,0,0,3960,0,0
Pre-sized,Rockit Trading Company Ltd,Steel,C,R1149,R1149C,23/08/2024,PE1203,Final report sent,Smartfresh CA,33,11880,11880,660,0,0,0,0,11880,0,0
Orchard pick,Rockit Trading Company Ltd,Steel,C,R1149,R1149C,23/08/2024,P1421,Final report sent,Smartfresh CA,22,9971.96,7310.16,406.12,0,0,2661.8,147.8777763,7310.16,0,0
Orchard pick,Rockit Trading Company Ltd,Rangi2,A,R2901,R2901A,7/08/2024,P1398,Final report sent,Smartfresh Air,17,6871.772,5704.452,316.914,0,0,1167.32,64.85111046,5704.452,0,0
Orchard pick,Rockit Trading Company Ltd,Wharerangi,A1,R1936,R1936A,3/05/2024,P1197,Final report sent,Smartfresh Air,61,25274.182,21998.142,1222.115238,0,0,3276.04,182.0022204,21998.142,8096.07,1515724.2
Orchard pick,Rockit Trading Company Ltd,Knight Road Horticulture,A,R2958,R2958D,6/08/2024,P1395,Final report sent,Smartfresh Air,34,14296.436,12081.276,671.182,0,0,2215.16,123.0644432,12081.276,962.568,115508.16
Pre-sized,Rockit Trading Company Ltd,Tubbies Orchard,B,R2943,R2943A,8/08/2024,PE1193,Final report sent,Smartfresh Air,16,5760,5760,320,0,0,0,0,5760,0,0
Orchard pick,Rockit Trading Company Ltd,Pioneer,,R1580,R1580B,1/06/2024,P1254,Final report sent,Smartfresh Air,57,23580.126,20868.286,1159.349,0,0,2711.84,150.6577763,20868.286,8000.424,1438874.28
Pre-sized,Rockit Trading Company Ltd,Rockit Manahi,B2,R2880,R2880B,27/09/2024,PE1293,Final report sent,Smartfresh CA,13,4680,4680,260,0,0,0,0,4680,0,0
Pre-sized,Rockit Trading Company Ltd,Rockit STOCK ROADS,B2,R2534,R2534B,7/09/2024,PE1237,Final report sent,Smartfresh CA,40,14400,14400,800,0,0,0,0,14400,0,0
Pre-sized,Rockit Trading Company Ltd,Raukawa,,R1232,R1232A,25/09/2024,PE1278,Final report sent,Smartfresh Air,1,360,360,20,0,0,0,0,360,0,0
Pre-sized,Rockit Trading Company Ltd,Korokipo Verries,KVR1,R2872,R2872B,25/09/2024,PE1285,Final report sent,Smartfresh Air,2,720,720,40,0,0,0,0,720,0,0
Pre-sized,Rockit Trading Company Ltd,Rockit Manzana,D2,R2879,R2879D,3/10/2024,PE1304,Final report sent,Smartfresh CA,105,37800,37800,2100,0,0,0,0,37800,14400,2646000
Pre-sized,Rockit Trading Company Ltd,Steel,B,R1149,R1149B,5/09/2024,PE1228,Final report sent,Smartfresh Air,11,3960,3960,220,0,0,0,0,3960,360,70200
Orchard pick,Rockit Trading Company Ltd,Riverside Apples,,R1021,R1021A,26/08/2024,P1430,Final report sent,Smartfresh CA,36,15863.336,13476.096,748.672,0,0,2387.24,132.6244431,13476.096,352.116,42253.92
Pre-sized,Rockit Trading Company Ltd,HAU,,R2776,R2776A,19/06/2024,PE1160,Final report sent,Smartfresh Air,220,79200,79200,4400,0,0,0,0,79200,30240,5815800
Orchard pick,Rockit Trading Company Ltd,Rockit STOCK ROADS,B2,R2534,R2534B,7/09/2024,P1463,Final report sent,Smartfresh CA,46,19086.316,15016.356,834.242,0,0,4069.96,226.1088866,15016.356,0,0
Pre-sized,Rockit Trading Company Ltd,Mana1,A2,R2926,R2926A,11/06/2024,PE1151,Final report sent,Smartfresh Air,16,5760,5760,320,0,0,0,0,5760,0,0
Orchard pick,Rockit Trading Company Ltd,MANZANA 2,A,R2925,R2925A,7/08/2024,P1401,Final report sent,Smartfresh Air,18,7745.592,5830.632,323.924,0,0,1914.96,106.3866656,5830.632,345.024,41402.88
Orchard pick,Rockit Trading Company Ltd,Crown,A2,R2924,R2924A,3/10/2024,P1545,Final report sent,Smartfresh CA,56,23936.704,19805.904,1100.328,0,0,4130.8,229.4888866,19805.904,637.56,85892.4
Pre-sized,Rockit Trading Company Ltd,Te Aute Road North,,R1233,R1233A,4/05/2024,PE1126,Final report sent,Smartfresh Air,26,9360,9360,520,0,0,0,0,9360,5400,1053000
Orchard pick,Rockit Trading Company Ltd,Paki Paki,PPRK1,R2786,R2786A,24/06/2024,P1316,Final report sent,Smartfresh Air,30,12048.328,9793.448,544.0801286,0,0,2254.88,125.2711099,9793.448,2887.272,556492.14
Pre-sized,Rockit Trading Company Ltd,Valley,B1,R2919,R2919B,12/06/2024,PE1157,Final report sent,Smartfresh Air,12,4320,4320,240,0,0,0,0,4320,0,0
Pre-sized,Rockit Trading Company Ltd,Sunvalley Orchard,NORTH,R2732,R2732A,26/07/2024,PE1182,Done,Smartfresh Air,251,101880,101880,5660,0,0,0,0,101880,5040,604800
Orchard pick,Rockit Trading Company Ltd,Tubbies Orchard,B,R2943,R2943A,8/08/2024,P1403,Final report sent,Smartfresh Air,19,8285.412,7136.532,396.474,0,0,1148.88,63.82666603,7136.532,613.008,73560.96
Pre-sized,Rockit Trading Company Ltd,Longlands,,R2329,R2329D,12/06/2024,PE1153,Final report sent,Smartfresh Air,32,11520,11520,640,0,0,0,0,11520,0,0
Orchard pick,Rockit Trading Company Ltd,Rockit STOCK ROADS,C1,R2534,R2534C,7/09/2024,P1462,Final report sent,Smartfresh CA,25,10919.68,7846.2,435.9,0,0,3073.48,170.7488872,7846.2,0,0
Pre-sized,Rockit Trading Company Ltd,Paki Paki,PPRK1,R2786,R2786A,17/09/2024,PE1266,Final report sent,Smartfresh CA,46,16560,16560,920,0,0,0,0,16560,0,0
Pre-sized,Rockit Trading Company Ltd,Valley,,R2919,R2919E,9/09/2024,PE1247,Final report sent,Smartfresh Air,1,360,360,20,0,0,0,0,360,0,0
Pre-sized,Rockit Trading Company Ltd,Korokipo Verries,KVR3,R2872,R2872H,7/08/2024,PE1187,Final report sent,Smartfresh Air,20,7200,7200,400,0,0,0,0,7200,0,0
Pre-sized,Rockit Trading Company Ltd,Raukawa,B4,R1232,R1232B,23/08/2024,PE1207,Final report sent,Smartfresh CA,24,8640,8640,480,0,0,0,0,8640,0,0
Orchard pick,Rockit Trading Company Ltd,Rockit Manzana,C1,R2879,R2879C,24/06/2024,P1315,Final report sent,Smartfresh Air,13,5646.492,4857.372,269.854,0,0,789.12,43.83999956,4857.372,1714.32,321921
Orchard pick,Rockit Trading Company Ltd,Waipatu,WPR3,R2873,R2873C,12/10/2024,P1570,Final report sent,Smartfresh CA,35,14656.78,12441.18,691.1766661,0,0,2215.6,123.0888877,12441.18,5200.86,943195.44
Orchard pick,Rockit Trading Company Ltd,Valley,,R2919,R2919H,16/10/2024,P1582,Final report sent,Smartfresh CA,60,25581.492,21510.292,1195.016221,0,0,4071.2,226.1777755,21510.292,9364.72,1576964.08
Orchard pick,Rockit Trading Company Ltd,Valley,F2,R2919,R2919F,5/09/2024,P1455,Final report sent,Smartfresh Air,6,2282.728,1546.848,85.936,0,0,735.88,40.88222181,1546.848,0,0
Pre-sized,Rockit Trading Company Ltd,Rockit Manahi,,R2880,R2880A,8/07/2024,PE1173,Final report sent,Smartfresh Air,236,84960,84960,4720,0,0,0,0,84960,30960,5713200
Pre-sized,Rockit Trading Company Ltd,Steel,A,R1149,R1149A,23/08/2024,PE1202,Final report sent,Smartfresh CA,45,16200,16200,900,0,0,0,0,16200,0,0
Pre-sized,Rockit Trading Company Ltd,Rockit Manzana,,R2879,R2879C,9/09/2024,PE1243,Final report sent,Smartfresh Air,4,1440,1440,80,0,0,0,0,1440,720,140400
Orchard pick,Rockit Trading Company Ltd,MANZANA 2,B,R2925,R2925B,11/04/2024,P1149,Final report sent,Smartfresh Air,21,9579.268,8449.308,469.4056904,0,0,1129.96,62.77555493,8449.308,390.096,46811.52
Pre-sized,Rockit Trading Company Ltd,Waipatu,WPR2,R2873,R2873B,16/09/2024,PE1258,Final report sent,Smartfresh CA,42,15120,15120,840,0,0,0,0,15120,0,0
Orchard pick,Rockit Trading Company Ltd,Rockit Manzana,D1,R2879,R2879D,31/05/2024,P1252,Final report sent,Smartfresh Air,25,10887.67,9378.43,521.024,0,0,1509.24,83.84666583,9378.43,3697.2,705240
Orchard pick,Rockit Trading Company Ltd,Wharerangi,,R1936,R1936C,16/09/2024,P1479,Final report sent,Smartfresh CA,60,24277.084,18518.364,1028.798,0,0,5758.72,319.9288857,18518.364,350.064,42007.68
Orchard pick,Rockit Trading Company Ltd,Crown,A2,R2924,R2924A,31/05/2024,P1251,Final report sent,Smartfresh Air,92,38353.129,34159.849,1897.769474,0,0,4193.28,232.9599977,34159.849,13292.568,2539530.36
Pre-sized,Rockit Trading Company Ltd,Parkhill Orchard,PHRK,R2841,R2841A,11/10/2024,PE1311,Final report sent,Smartfresh CA,49,17640,17640,980,0,0,0,0,17640,6480,1263600
Orchard pick,Rockit Trading Company Ltd,Moa Apples,,R1626,R1626A,25/07/2024,P1382,Final report sent,Smartfresh Air,61,27727.98,24736.5,1374.25,0,0,2991.48,166.1933317,24736.5,856.332,102759.84
Pre-sized,Rockit Trading Company Ltd,MANZANA 2,A,R2925,R2925A,8/08/2024,PE1191,Final report sent,Smartfresh Air,15,5400,5400,300,0,0,0,0,5400,360,43200
Pre-sized,Rockit Trading Company Ltd,Wharerangi,,R1936,R1936A,18/09/2024,PE1271,Final report sent,Smartfresh CA,1,360,360,20,0,0,0,0,360,0,0
Orchard pick,Rockit Trading Company Ltd,Lawn Road,C1,R2917,R2917C,2/10/2024,P1548,Final report sent,Smartfresh CA,56,23919.664,20294.424,1127.468,0,0,3625.24,201.4022202,20294.424,710.028,85203.36
Orchard pick,Rockit Trading Company Ltd,Valley,A1,R2919,R2919A,2/06/2024,P1257,Final report sent,Smartfresh Air,32,13405.828,11453.148,636.286,0,0,1952.68,108.4822211,11453.148,4389.48,789269.4
Pre-sized,Rockit Trading Company Ltd,Rockit Manzana,,R2879,R2879A,17/10/2024,PE1324,Final report sent,Smartfresh CA,100,36000,36000,2000,0,0,0,0,36000,14760,2797200
Pre-sized,Rockit Trading Company Ltd,Te Aute Road North,,R1233,R1233B,11/09/2024,PE1248,Final report sent,Smartfresh CA,88,31680,31680,1760,0,0,0,0,31680,0,0
Orchard pick,Rockit Trading Company Ltd,Valley,,R2919,R2919C,31/05/2024,P1253,Final report sent,Smartfresh Air,108,44630.744,39154.824,2175.268,0,0,5475.92,304.2177747,39154.824,14767.056,2708590.32
Orchard pick,Rockit Trading Company Ltd,Rockit Manzana,,R2879,R2879A,27/09/2024,P1523,Final report sent,Smartfresh CA,117,50952.22,39359.7,2186.65,0,0,11592.52,644.0288824,39359.7,960.624,115274.88
Orchard pick,Rockit Trading Company Ltd,Home Block,B,R1230,R1230B,16/09/2024,P1484,Final report sent,Smartfresh CA,36,15206.496,10796.616,599.812,0,0,4409.88,244.9933309,10796.616,0,0
